{
  "type": "FeatureCollection",
  "generator": "overpass-turbo",
  "copyright": "The data included in this document is from www.openstreetmap.org. The data is made available under ODbL.",
  "timestamp": "2026-09-11T14:51:35Z",
  "features": [
    {
      "type": "Feature",
      "properties": {
        "@id": "relation/103703",
        "admin_level": "6",
        "alt_name:en": "City of Manila;Manila City",
        "alt_name:tl": "Lungsod ng Maynila",
        "border_type": "highly_urbanized_city",
        "boundary": "administrative",
        "name": "Manila",
        "name:ace": "Manila",
        "name:af": "Manila",
        "name:als": "Manila",
        "name:am": "ማኒላ",
        "name:an": "Manila",
        "name:ang": "Manila",
        "name:ar": "مانيلا",
        "name:arz": "مانيلا",
        "name:ast": "Manila",
        "name:az": "Manila",
        "name:azb": "مانیل",
        "name:ba": "Манила",
        "name:bcl": "Manila",
        "name:be": "Маніла",
        "name:be-tarask": "Маніла",
        "name:bg": "Манила",
        "name:bn": "ম্যানিলা",
        "name:bo": "མ་ནི་ལ།",
        "name:br": "Manila",
        "name:bs": "Manila",
        "name:bxr": "Манила",
        "name:ca": "Manila",
        "name:cbk-zam": "Manila",
        "name:cdo": "Manila",
        "name:ce": "Манила",
        "name:ceb": "Manila",
        "name:ckb": "مانیلا",
        "name:crh": "Manila",
        "name:cs": "Manila",
        "name:cv": "Манила",
        "name:cy": "Manila",
        "name:da": "Manila",
        "name:de": "Manila",
        "name:diq": "Manila",
        "name:dsb": "Manila",
        "name:dty": "मनिला",
        "name:el": "Μανίλα",
        "name:en": "Manila",
        "name:eo": "Manilo",
        "name:es": "Manila",
        "name:et": "Manila",
        "name:eu": "Manila",
        "name:fa": "مانیل",
        "name:fi": "Manila",
        "name:fo": "Manila",
        "name:fr": "Manille",
        "name:frr": "Manila",
        "name:fy": "Manilla",
        "name:ga": "Mainile",
        "name:gd": "Manila",
        "name:gl": "Manila",
        "name:gu": "મનિલા",
        "name:ha": "Manila",
        "name:hak": "Manila",
        "name:he": "מנילה",
        "name:hi": "मनीला",
        "name:hif": "Manila",
        "name:hr": "Manila",
        "name:hsb": "Manila",
        "name:ht": "Manyl",
        "name:hu": "Manila",
        "name:hy": "Մանիլա",
        "name:hyw": "Մանիլա",
        "name:ia": "Manila",
        "name:id": "Manila",
        "name:ie": "Manila",
        "name:ilo": "Manila",
        "name:io": "Manila",
        "name:is": "Maníla",
        "name:it": "Manila",
        "name:ja": "マニラ",
        "name:jbo": "manilias.",
        "name:jv": "Manila",
        "name:ka": "მანილა",
        "name:kaa": "Manila",
        "name:ki": "Manila",
        "name:kk": "Манила",
        "name:km": "ម៉ានីល",
        "name:kn": "ಮನಿಲ",
        "name:ko": "마닐라",
        "name:ku": "Manîla",
        "name:ky": "Манила",
        "name:la": "Manila",
        "name:lad": "Manila",
        "name:lb": "Manila",
        "name:li": "Manilla",
        "name:lij": "Manilla",
        "name:lmo": "Manila",
        "name:lo": "ມະນິລາ",
        "name:lt": "Manila",
        "name:lv": "Manila",
        "name:mai": "मनिला",
        "name:map-bms": "Manila",
        "name:mg": "Manille",
        "name:mi": "Manira",
        "name:mk": "Манила",
        "name:ml": "മനില",
        "name:mn": "Манила",
        "name:mr": "मनिला",
        "name:ms": "Manila",
        "name:mwl": "Manila",
        "name:my": "မနီလာမြို့",
        "name:na": "Manila",
        "name:nah": "Manillah",
        "name:nan": "Manila",
        "name:nan-Hani": "马尼拉;馬尼拉",
        "name:nan-Hans": "马尼拉",
        "name:nan-Hant": "馬尼拉",
        "name:nan-Latn-pehoeji": "Manila",
        "name:nan-Latn-tailo": "Manila",
        "name:ne": "मनिला",
        "name:new": "मनिला",
        "name:nl": "Manilla",
        "name:nn": "Manila",
        "name:no": "Manila",
        "name:oc": "Manila",
        "name:olo": "Manila",
        "name:or": "ମାନିଲା",
        "name:os": "Манилæ",
        "name:pa": "ਮਨੀਲਾ",
        "name:pag": "Manila",
        "name:pam": "Menila",
        "name:pap": "Manila",
        "name:pcd": "Manille",
        "name:pih": "Manila",
        "name:pl": "Manila",
        "name:pms": "Manila",
        "name:pnb": "منیلا",
        "name:ps": "مانیلا",
        "name:pt": "Manila",
        "name:qu": "Manila",
        "name:ro": "Manila",
        "name:ru": "Манила",
        "name:rw": "Manila",
        "name:sah": "Манила",
        "name:sat": "ᱢᱟᱱᱤᱞᱟ",
        "name:sc": "Manila",
        "name:scn": "Manila",
        "name:sco": "Manila",
        "name:sd": "منيلا",
        "name:sh": "Manila",
        "name:si": "මැනිලා",
        "name:simple": "Manila",
        "name:sk": "Manila",
        "name:sl": "Manila",
        "name:sn": "Manila",
        "name:sq": "Manila",
        "name:sr": "Манила",
        "name:su": "Manila",
        "name:sv": "Manila",
        "name:sw": "Manila",
        "name:szl": "Manila",
        "name:ta": "மணிலா",
        "name:te": "మనీలా",
        "name:tg": "Манила",
        "name:th": "มะนิลา",
        "name:tl": "Maynila",
        "name:tr": "Manila",
        "name:tt": "Манила",
        "name:udm": "Манила",
        "name:ug": "مانىلا",
        "name:uk": "Маніла",
        "name:ur": "منیلا",
        "name:uz": "Manila",
        "name:vec": "Manila",
        "name:vep": "Manil",
        "name:vi": "Manila",
        "name:vo": "Maynila",
        "name:vro": "Manila",
        "name:war": "Manila",
        "name:wuu": "马尼拉",
        "name:xmf": "მანილა",
        "name:yi": "מאנילא",
        "name:yo": "Manila",
        "name:yue": "馬尼拉",
        "name:zh": "马尼拉;馬尼拉",
        "name:zh-Hans": "马尼拉",
        "name:zh-Hant": "馬尼拉",
        "official_name": "City of Manila",
        "official_name:cbk-zam": "Ciudad de Manila",
        "official_name:en": "City of Manila",
        "official_name:es": "Ciudad de Manila",
        "official_name:tl": "Lungsod ng Maynila",
        "old_ref": "133900000",
        "population": "1902590",
        "population:date": "2024-07-01",
        "ref": "1380600000",
        "type": "boundary",
        "website": "https://manila.gov.ph/",
        "wikidata": "Q1461",
        "wikimedia_commons": "Category:Manila",
        "wikipedia": "en:Manila"
      },
      "geometry": {
        "type": "MultiPolygon",
        "coordinates": [
          [
            [
              [
                121.0180396,
                14.5685952
              ],
              [
                121.0164121,
                14.5643625
              ],
              [
                121.0207497,
                14.5627437
              ],
              [
                121.0215014,
                14.5646674
              ],
              [
                121.0216187,
                14.564971
              ],
              [
                121.02182,
                14.5654734
              ],
              [
                121.021965,
                14.5658609
              ],
              [
                121.0220855,
                14.5661701
              ],
              [
                121.0224119,
                14.5670072
              ],
              [
                121.0222587,
                14.5670663
              ],
              [
                121.0221627,
                14.5671034
              ],
              [
                121.0180396,
                14.5685952
              ]
            ]
          ],
          [
            [
              [
                120.9927465,
                14.6350704
              ],
              [
                120.9930436,
                14.6359804
              ],
              [
                120.9921888,
                14.6362678
              ],
              [
                120.9902685,
                14.6368899
              ],
              [
                120.9884613,
                14.6374719
              ],
              [
                120.9882785,
                14.6375335
              ],
              [
                120.985903,
                14.6383492
              ],
              [
                120.9856568,
                14.6383218
              ],
              [
                120.9837169,
                14.6372489
              ],
              [
                120.9831009,
                14.6369082
              ],
              [
                120.9826022,
                14.6366747
              ],
              [
                120.9824574,
                14.636652
              ],
              [
                120.9823169,
                14.6366965
              ],
              [
                120.9822114,
                14.6366735
              ],
              [
                120.9820727,
                14.6373803
              ],
              [
                120.981484,
                14.6381322
              ],
              [
                120.9815459,
                14.6381896
              ],
              [
                120.9816831,
                14.638317
              ],
              [
                120.9815001,
                14.6384545
              ],
              [
                120.9811958,
                14.6386743
              ],
              [
                120.9807409,
                14.6390027
              ],
              [
                120.9797909,
                14.6384696
              ],
              [
                120.9789444,
                14.6381115
              ],
              [
                120.9790237,
                14.6379187
              ],
              [
                120.9791049,
                14.6377262
              ],
              [
                120.9792771,
                14.6373184
              ],
              [
                120.9793592,
                14.6371468
              ],
              [
                120.979622,
                14.6365161
              ],
              [
                120.9796759,
                14.6363751
              ],
              [
                120.9797156,
                14.6362378
              ],
              [
                120.9798209,
                14.6358726
              ],
              [
                120.9798411,
                14.635808
              ],
              [
                120.9798849,
                14.6356529
              ],
              [
                120.9799111,
                14.63556
              ],
              [
                120.9791307,
                14.6356026
              ],
              [
                120.9773534,
                14.6356138
              ],
              [
                120.9767893,
                14.635631
              ],
              [
                120.9767534,
                14.635632
              ],
              [
                120.9767215,
                14.6356311
              ],
              [
                120.9742755,
                14.6356779
              ],
              [
                120.9723779,
                14.6356705
              ],
              [
                120.9686025,
                14.6356558
              ],
              [
                120.9672796,
                14.6356364
              ],
              [
                120.9635926,
                14.6355955
              ],
              [
                120.9620155,
                14.6355591
              ],
              [
                120.9611838,
                14.6355469
              ],
              [
                120.9604442,
                14.635536
              ],
              [
                120.9586386,
                14.6341644
              ],
              [
                120.9570618,
                14.6337981
              ],
              [
                120.9532607,
                14.6345641
              ],
              [
                120.8394927,
                14.6395473
              ],
              [
                120.8296741,
                14.6247032
              ],
              [
                120.8208015,
                14.6166622
              ],
              [
                120.8086304,
                14.61112
              ],
              [
                120.7917034,
                14.6011485
              ],
              [
                120.7934641,
                14.58564
              ],
              [
                120.8183607,
                14.5783689
              ],
              [
                120.8471784,
                14.5707519
              ],
              [
                120.8816219,
                14.5606728
              ],
              [
                120.8936218,
                14.5578053
              ],
              [
                120.9103199,
                14.5508249
              ],
              [
                120.9236585,
                14.5519879
              ],
              [
                120.9798953,
                14.5568913
              ],
              [
                120.9841062,
                14.557947
              ],
              [
                120.9871735,
                14.55872
              ],
              [
                120.9873247,
                14.5587284
              ],
              [
                120.9873944,
                14.5587365
              ],
              [
                120.9874506,
                14.5587562
              ],
              [
                120.987722,
                14.5588538
              ],
              [
                120.9885219,
                14.5590548
              ],
              [
                120.9893143,
                14.559254
              ],
              [
                120.9897005,
                14.5593867
              ],
              [
                120.9897691,
                14.5594132
              ],
              [
                120.9928546,
                14.5601582
              ],
              [
                120.9929078,
                14.5601682
              ],
              [
                120.9933232,
                14.5602517
              ],
              [
                120.9953935,
                14.5607658
              ],
              [
                120.9956256,
                14.5608349
              ],
              [
                120.9970246,
                14.5612404
              ],
              [
                120.9982445,
                14.561588
              ],
              [
                120.9985078,
                14.5616619
              ],
              [
                120.9987143,
                14.5617221
              ],
              [
                120.9987708,
                14.5617554
              ],
              [
                120.9988974,
                14.5618205
              ],
              [
                120.9990137,
                14.5619234
              ],
              [
                120.9990496,
                14.5619551
              ],
              [
                120.999092,
                14.5619979
              ],
              [
                120.999401,
                14.5623098
              ],
              [
                120.9996588,
                14.5625701
              ],
              [
                120.999921,
                14.5628348
              ],
              [
                121.0002079,
                14.5630774
              ],
              [
                121.0004577,
                14.5633449
              ],
              [
                121.0007126,
                14.5635872
              ],
              [
                121.0007428,
                14.5636156
              ],
              [
                121.0009669,
                14.5638406
              ],
              [
                121.0012334,
                14.5641178
              ],
              [
                121.0012597,
                14.5641444
              ],
              [
                121.0014845,
                14.5643726
              ],
              [
                121.0017475,
                14.5646399
              ],
              [
                121.0018109,
                14.5647076
              ],
              [
                121.0019281,
                14.5648232
              ],
              [
                121.0019967,
                14.5648964
              ],
              [
                121.0022483,
                14.5651499
              ],
              [
                121.0025206,
                14.565433
              ],
              [
                121.0028375,
                14.5657788
              ],
              [
                121.0028673,
                14.5658102
              ],
              [
                121.0028983,
                14.5658384
              ],
              [
                121.003016,
                14.5659403
              ],
              [
                121.0030785,
                14.5659957
              ],
              [
                121.0031401,
                14.5660537
              ],
              [
                121.0032856,
                14.5661708
              ],
              [
                121.003305,
                14.5661864
              ],
              [
                121.0034168,
                14.566294
              ],
              [
                121.00348,
                14.5663548
              ],
              [
                121.0035508,
                14.5664229
              ],
              [
                121.0039171,
                14.5667778
              ],
              [
                121.0039357,
                14.5667958
              ],
              [
                121.0039842,
                14.5668427
              ],
              [
                121.0041528,
                14.5670029
              ],
              [
                121.0041945,
                14.5670424
              ],
              [
                121.0043762,
                14.5672226
              ],
              [
                121.0044099,
                14.5672584
              ],
              [
                121.0044151,
                14.5673138
              ],
              [
                121.004508,
                14.5674115
              ],
              [
                121.0046224,
                14.5675317
              ],
              [
                121.0048249,
                14.5677342
              ],
              [
                121.0052743,
                14.5681828
              ],
              [
                121.0053486,
                14.5682579
              ],
              [
                121.0055369,
                14.5684463
              ],
              [
                121.0055997,
                14.5685091
              ],
              [
                121.0057758,
                14.5686852
              ],
              [
                121.0058379,
                14.5687474
              ],
              [
                121.0059636,
                14.568873
              ],
              [
                121.0060932,
                14.5690027
              ],
              [
                121.0062621,
                14.5691715
              ],
              [
                121.0063188,
                14.5692282
              ],
              [
                121.0064995,
                14.569409
              ],
              [
                121.0065556,
                14.5694651
              ],
              [
                121.0067419,
                14.5696514
              ],
              [
                121.0067974,
                14.569707
              ],
              [
                121.0069582,
                14.5698677
              ],
              [
                121.0070552,
                14.5699647
              ],
              [
                121.0071607,
                14.5700703
              ],
              [
                121.0072184,
                14.570128
              ],
              [
                121.0074199,
                14.5703295
              ],
              [
                121.0074865,
                14.5703961
              ],
              [
                121.0075787,
                14.5704879
              ],
              [
                121.0082103,
                14.5711169
              ],
              [
                121.0098968,
                14.572815
              ],
              [
                121.0099787,
                14.5729088
              ],
              [
                121.0101852,
                14.5731167
              ],
              [
                121.011267,
                14.574147
              ],
              [
                121.0121598,
                14.5750162
              ],
              [
                121.012213,
                14.5750589
              ],
              [
                121.0122351,
                14.5750853
              ],
              [
                121.012375,
                14.5752225
              ],
              [
                121.0123843,
                14.575232
              ],
              [
                121.0124007,
                14.5752449
              ],
              [
                121.0124347,
                14.5752852
              ],
              [
                121.0124389,
                14.5752899
              ],
              [
                121.0127291,
                14.5755777
              ],
              [
                121.0129405,
                14.5757902
              ],
              [
                121.0131699,
                14.5760165
              ],
              [
                121.0134443,
                14.5762902
              ],
              [
                121.0137144,
                14.5765639
              ],
              [
                121.0139638,
                14.5768123
              ],
              [
                121.0141962,
                14.577046
              ],
              [
                121.0144751,
                14.5773278
              ],
              [
                121.014724,
                14.5775774
              ],
              [
                121.0149378,
                14.5777918
              ],
              [
                121.0151319,
                14.5779865
              ],
              [
                121.0153642,
                14.5782195
              ],
              [
                121.0156081,
                14.5784641
              ],
              [
                121.0158115,
                14.5786682
              ],
              [
                121.0159998,
                14.578857
              ],
              [
                121.0162204,
                14.5790775
              ],
              [
                121.016342,
                14.5791908
              ],
              [
                121.0165256,
                14.5793809
              ],
              [
                121.0175848,
                14.5795004
              ],
              [
                121.0172857,
                14.5797887
              ],
              [
                121.0171621,
                14.5803545
              ],
              [
                121.0170704,
                14.5806055
              ],
              [
                121.0171617,
                14.5811598
              ],
              [
                121.0177288,
                14.5818013
              ],
              [
                121.0185249,
                14.582516
              ],
              [
                121.0195256,
                14.5837935
              ],
              [
                121.0197617,
                14.584126
              ],
              [
                121.0200669,
                14.5847398
              ],
              [
                121.0203133,
                14.5854576
              ],
              [
                121.0203561,
                14.5857665
              ],
              [
                121.0223148,
                14.5877129
              ],
              [
                121.0220247,
                14.5880615
              ],
              [
                121.0222423,
                14.5882914
              ],
              [
                121.0224028,
                14.5884679
              ],
              [
                121.0225054,
                14.5885887
              ],
              [
                121.0225454,
                14.5886359
              ],
              [
                121.0225746,
                14.5886702
              ],
              [
                121.0225992,
                14.5886996
              ],
              [
                121.0226457,
                14.5887595
              ],
              [
                121.0227266,
                14.5888611
              ],
              [
                121.022758,
                14.588902
              ],
              [
                121.0234729,
                14.5893586
              ],
              [
                121.0236731,
                14.5894789
              ],
              [
                121.0237683,
                14.5895363
              ],
              [
                121.024075,
                14.5897199
              ],
              [
                121.0241286,
                14.5897521
              ],
              [
                121.024238,
                14.5898337
              ],
              [
                121.024321,
                14.5899475
              ],
              [
                121.0234275,
                14.5910378
              ],
              [
                121.0240319,
                14.5916479
              ],
              [
                121.0253792,
                14.5924867
              ],
              [
                121.0257022,
                14.5928543
              ],
              [
                121.0259204,
                14.593219
              ],
              [
                121.026082,
                14.5937617
              ],
              [
                121.0261685,
                14.5941007
              ],
              [
                121.0261672,
                14.5943767
              ],
              [
                121.0261043,
                14.5948098
              ],
              [
                121.0260442,
                14.5950761
              ],
              [
                121.0259406,
                14.595349
              ],
              [
                121.0257445,
                14.5956703
              ],
              [
                121.0254805,
                14.5962206
              ],
              [
                121.0248637,
                14.5974914
              ],
              [
                121.0241308,
                14.5986948
              ],
              [
                121.0235661,
                14.5995028
              ],
              [
                121.0230254,
                14.5999563
              ],
              [
                121.0212828,
                14.6009974
              ],
              [
                121.0202572,
                14.60162
              ],
              [
                121.0202529,
                14.6016234
              ],
              [
                121.0199877,
                14.6018355
              ],
              [
                121.0197807,
                14.6019775
              ],
              [
                121.0196368,
                14.6021785
              ],
              [
                121.019571,
                14.602336
              ],
              [
                121.0195357,
                14.6026014
              ],
              [
                121.0195584,
                14.6027262
              ],
              [
                121.0196059,
                14.602878
              ],
              [
                121.0193921,
                14.6029951
              ],
              [
                121.0185805,
                14.6036079
              ],
              [
                121.0176183,
                14.6043722
              ],
              [
                121.0175128,
                14.6044948
              ],
              [
                121.0163648,
                14.6053799
              ],
              [
                121.0153858,
                14.6061298
              ],
              [
                121.0139822,
                14.607205
              ],
              [
                121.0104299,
                14.6098411
              ],
              [
                121.0092936,
                14.6107331
              ],
              [
                121.0081408,
                14.6115939
              ],
              [
                121.0069471,
                14.6125167
              ],
              [
                121.0052731,
                14.6139723
              ],
              [
                121.003646,
                14.6150944
              ],
              [
                121.0009647,
                14.6170829
              ],
              [
                120.9978929,
                14.6193355
              ],
              [
                120.9976895,
                14.6195797
              ],
              [
                120.9974951,
                14.6197686
              ],
              [
                120.9973311,
                14.6198972
              ],
              [
                120.9972557,
                14.6199604
              ],
              [
                120.9971376,
                14.6200475
              ],
              [
                120.9963925,
                14.6206346
              ],
              [
                120.9962762,
                14.6207256
              ],
              [
                120.9961595,
                14.6208149
              ],
              [
                120.996077,
                14.6208793
              ],
              [
                120.9959497,
                14.6209761
              ],
              [
                120.9953714,
                14.6214035
              ],
              [
                120.9949899,
                14.6217121
              ],
              [
                120.9938174,
                14.6226095
              ],
              [
                120.9926283,
                14.6235315
              ],
              [
                120.9918209,
                14.6241457
              ],
              [
                120.9914965,
                14.6243846
              ],
              [
                120.9914118,
                14.624452
              ],
              [
                120.9913338,
                14.6245156
              ],
              [
                120.9905542,
                14.625143
              ],
              [
                120.9904808,
                14.6252066
              ],
              [
                120.9903794,
                14.6252891
              ],
              [
                120.9900091,
                14.6255676
              ],
              [
                120.9898485,
                14.6256993
              ],
              [
                120.9897748,
                14.6257718
              ],
              [
                120.989728,
                14.6258347
              ],
              [
                120.9897009,
                14.6258964
              ],
              [
                120.989696,
                14.6259392
              ],
              [
                120.9897057,
                14.6259918
              ],
              [
                120.9897283,
                14.6260506
              ],
              [
                120.9897923,
                14.6261965
              ],
              [
                120.9898422,
                14.6262956
              ],
              [
                120.9912483,
                14.6305274
              ],
              [
                120.9926061,
                14.6346564
              ],
              [
                120.9927465,
                14.6350704
              ]
            ]
          ]
        ]
      },
      "id": "relation/103703"
    },
    {
      "type": "Feature",
      "properties": {
        "@id": "relation/106569",
        "admin_level": "6",
        "border_type": "highly_urbanized_city",
        "boundary": "administrative",
        "name": "Quezon City",
        "name:ar": "مدينة كيزون",
        "name:fa": "کزون سیتی",
        "name:he": "קואזון סיטי",
        "name:ko": "케손시티",
        "name:ur": "کیزون سٹی",
        "name:zh": "计顺市",
        "population": "2936116",
        "short_name": "QC",
        "short_name:ar": "كيزون",
        "short_name:fa": "کزون",
        "short_name:he": "קואזון",
        "short_name:ur": "کیزون",
        "start_date": "1939-10-12",
        "type": "boundary",
        "website": "https://quezoncity.gov.ph/",
        "wikidata": "Q1475",
        "wikimedia_commons": "Category:Quezon City",
        "wikipedia": "en:Quezon City"
      },
      "geometry": {
        "type": "Polygon",
        "coordinates": [
          [
            [
              121.1184868,
              14.7307439
            ],
            [
              121.1184252,
              14.7321399
            ],
            [
              121.118638,
              14.7327323
            ],
            [
              121.1183484,
              14.7327367
            ],
            [
              121.1176351,
              14.7332343
            ],
            [
              121.1166812,
              14.7340306
            ],
            [
              121.1160177,
              14.7343126
            ],
            [
              121.1157523,
              14.7344121
            ],
            [
              121.1156528,
              14.7346858
            ],
            [
              121.1153542,
              14.7346858
            ],
            [
              121.1148897,
              14.7350341
            ],
            [
              121.1144336,
              14.735565
            ],
            [
              121.1141681,
              14.7360875
            ],
            [
              121.1137369,
              14.7372321
            ],
            [
              121.1138032,
              14.737456
            ],
            [
              121.1141598,
              14.7376302
            ],
            [
              121.1145497,
              14.7377214
            ],
            [
              121.1151634,
              14.7379454
            ],
            [
              121.1157523,
              14.7385508
            ],
            [
              121.1166398,
              14.7396788
            ],
            [
              121.1167681,
              14.7398421
            ],
            [
              121.117859,
              14.739857
            ],
            [
              121.1175255,
              14.7406808
            ],
            [
              121.117651,
              14.7413675
            ],
            [
              121.1178619,
              14.7420636
            ],
            [
              121.1180428,
              14.7428784
            ],
            [
              121.1183029,
              14.7434952
            ],
            [
              121.1181852,
              14.74502
            ],
            [
              121.1176944,
              14.745882
            ],
            [
              121.1176619,
              14.746133
            ],
            [
              121.1177004,
              14.7462763
            ],
            [
              121.1177821,
              14.7464168
            ],
            [
              121.1186965,
              14.7475179
            ],
            [
              121.1181479,
              14.7495936
            ],
            [
              121.1196186,
              14.7509132
            ],
            [
              121.1206314,
              14.7520088
            ],
            [
              121.1208202,
              14.7527807
            ],
            [
              121.1210519,
              14.7539178
            ],
            [
              121.1207944,
              14.7550217
            ],
            [
              121.1213609,
              14.7559513
            ],
            [
              121.1211807,
              14.7568643
            ],
            [
              121.1215498,
              14.7578437
            ],
            [
              121.123069,
              14.7579018
            ],
            [
              121.1235239,
              14.7598938
            ],
            [
              121.124262,
              14.7598523
            ],
            [
              121.1253091,
              14.7608898
            ],
            [
              121.1252233,
              14.7610973
            ],
            [
              121.125776,
              14.7626983
            ],
            [
              121.1251752,
              14.7631133
            ],
            [
              121.1246215,
              14.764273
            ],
            [
              121.1239254,
              14.7645778
            ],
            [
              121.1237838,
              14.7653683
            ],
            [
              121.1247996,
              14.7658129
            ],
            [
              121.1259981,
              14.7668581
            ],
            [
              121.1269178,
              14.7681074
            ],
            [
              121.1267174,
              14.7687146
            ],
            [
              121.1272269,
              14.7693315
            ],
            [
              121.127839,
              14.7691148
            ],
            [
              121.1278939,
              14.7700103
            ],
            [
              121.1290096,
              14.7714835
            ],
            [
              121.1297934,
              14.7713221
            ],
            [
              121.1308227,
              14.7714603
            ],
            [
              121.1322758,
              14.771775
            ],
            [
              121.132411,
              14.7720049
            ],
            [
              121.1327295,
              14.7741422
            ],
            [
              121.13332,
              14.7748
            ],
            [
              121.1337681,
              14.7752992
            ],
            [
              121.1331762,
              14.7756687
            ],
            [
              121.1332033,
              14.7764137
            ],
            [
              121.1317064,
              14.7764085
            ],
            [
              121.1311391,
              14.7758509
            ],
            [
              121.1309266,
              14.7751283
            ],
            [
              121.1298201,
              14.7752879
            ],
            [
              121.1289228,
              14.7762065
            ],
            [
              121.1282731,
              14.7763691
            ],
            [
              121.1272065,
              14.7760592
            ],
            [
              121.126301,
              14.7757419
            ],
            [
              121.1257347,
              14.7758325
            ],
            [
              121.1253473,
              14.7758945
            ],
            [
              121.123635,
              14.7733002
            ],
            [
              121.1227424,
              14.7743387
            ],
            [
              121.1204059,
              14.774863
            ],
            [
              121.1191841,
              14.7740299
            ],
            [
              121.1186969,
              14.7735345
            ],
            [
              121.1175027,
              14.7723201
            ],
            [
              121.116914,
              14.772087
            ],
            [
              121.1139187,
              14.7712492
            ],
            [
              121.1134127,
              14.7693916
            ],
            [
              121.112593,
              14.7679537
            ],
            [
              121.112048,
              14.7673232
            ],
            [
              121.1113289,
              14.7665244
            ],
            [
              121.1099963,
              14.7651342
            ],
            [
              121.1095933,
              14.7646242
            ],
            [
              121.1093054,
              14.7639251
            ],
            [
              121.1090833,
              14.7631436
            ],
            [
              121.1073723,
              14.7627981
            ],
            [
              121.105793,
              14.7622963
            ],
            [
              121.104773,
              14.7618357
            ],
            [
              121.1025355,
              14.7638675
            ],
            [
              121.1016249,
              14.7655348
            ],
            [
              121.1012409,
              14.7654178
            ],
            [
              121.0997995,
              14.7651862
            ],
            [
              121.0997537,
              14.7640376
            ],
            [
              121.0990606,
              14.7626015
            ],
            [
              121.0984063,
              14.7623292
            ],
            [
              121.0964583,
              14.7615898
            ],
            [
              121.0956111,
              14.7615413
            ],
            [
              121.0948137,
              14.7609386
            ],
            [
              121.0934468,
              14.7598163
            ],
            [
              121.0925497,
              14.7591997
            ],
            [
              121.091745,
              14.7585362
            ],
            [
              121.0907068,
              14.7579449
            ],
            [
              121.0896539,
              14.7582575
            ],
            [
              121.089366,
              14.7582657
            ],
            [
              121.0887985,
              14.7579696
            ],
            [
              121.0857106,
              14.758085
            ],
            [
              121.0856433,
              14.7578089
            ],
            [
              121.0853354,
              14.7566921
            ],
            [
              121.0851033,
              14.7558102
            ],
            [
              121.08507,
              14.7556543
            ],
            [
              121.0850078,
              14.7552569
            ],
            [
              121.0849007,
              14.753781
            ],
            [
              121.0848696,
              14.7533543
            ],
            [
              121.0847854,
              14.7520288
            ],
            [
              121.0847557,
              14.7518499
            ],
            [
              121.0847244,
              14.7517425
            ],
            [
              121.0846896,
              14.7516349
            ],
            [
              121.0846162,
              14.7514516
            ],
            [
              121.0844538,
              14.7511728
            ],
            [
              121.0842517,
              14.7508641
            ],
            [
              121.0833299,
              14.7495766
            ],
            [
              121.082698,
              14.748611
            ],
            [
              121.0826085,
              14.7484806
            ],
            [
              121.0824692,
              14.7483083
            ],
            [
              121.082152,
              14.7479453
            ],
            [
              121.0806645,
              14.7464257
            ],
            [
              121.0805133,
              14.7463022
            ],
            [
              121.0802811,
              14.7461923
            ],
            [
              121.0802603,
              14.7461772
            ],
            [
              121.0785924,
              14.7456529
            ],
            [
              121.0784592,
              14.7455823
            ],
            [
              121.0783473,
              14.7455143
            ],
            [
              121.0782561,
              14.7454372
            ],
            [
              121.0781445,
              14.7453116
            ],
            [
              121.0780846,
              14.7452281
            ],
            [
              121.0780318,
              14.7451322
            ],
            [
              121.0779908,
              14.7450374
            ],
            [
              121.0779571,
              14.7449288
            ],
            [
              121.0779317,
              14.7447783
            ],
            [
              121.0779129,
              14.7444754
            ],
            [
              121.0778333,
              14.7428592
            ],
            [
              121.0778258,
              14.742725
            ],
            [
              121.0778078,
              14.7425895
            ],
            [
              121.0777577,
              14.7424549
            ],
            [
              121.0777091,
              14.7423599
            ],
            [
              121.0776449,
              14.7422779
            ],
            [
              121.0775529,
              14.7421861
            ],
            [
              121.0774749,
              14.7421411
            ],
            [
              121.0773718,
              14.7420979
            ],
            [
              121.0772585,
              14.7420616
            ],
            [
              121.0770302,
              14.7420002
            ],
            [
              121.0769046,
              14.7423243
            ],
            [
              121.075878,
              14.7423099
            ],
            [
              121.0663291,
              14.7421927
            ],
            [
              121.0587677,
              14.7421837
            ],
            [
              121.0570057,
              14.7421825
            ],
            [
              121.0531742,
              14.742157
            ],
            [
              121.0464397,
              14.7422036
            ],
            [
              121.0404931,
              14.7421201
            ],
            [
              121.0385103,
              14.740294
            ],
            [
              121.0362582,
              14.7380574
            ],
            [
              121.0308457,
              14.732682
            ],
            [
              121.0280557,
              14.7298826
            ],
            [
              121.0273872,
              14.7292097
            ],
            [
              121.0257601,
              14.7275181
            ],
            [
              121.0224236,
              14.7243718
            ],
            [
              121.0205352,
              14.7225911
            ],
            [
              121.0183546,
              14.7204897
            ],
            [
              121.0136441,
              14.7159085
            ],
            [
              121.0161294,
              14.708755
            ],
            [
              121.0179631,
              14.7033858
            ],
            [
              121.0178562,
              14.7032227
            ],
            [
              121.0177166,
              14.7030583
            ],
            [
              121.0176377,
              14.7029552
            ],
            [
              121.0175811,
              14.7028717
            ],
            [
              121.0175192,
              14.7027566
            ],
            [
              121.0174702,
              14.7026572
            ],
            [
              121.0173968,
              14.7024994
            ],
            [
              121.0173523,
              14.7023908
            ],
            [
              121.0173277,
              14.7022658
            ],
            [
              121.0173175,
              14.7021902
            ],
            [
              121.0173206,
              14.7020925
            ],
            [
              121.0173586,
              14.7019482
            ],
            [
              121.017406,
              14.7018209
            ],
            [
              121.0175321,
              14.7015462
            ],
            [
              121.0176311,
              14.7013391
            ],
            [
              121.0177186,
              14.7011888
            ],
            [
              121.0177798,
              14.7010692
            ],
            [
              121.0178264,
              14.7009477
            ],
            [
              121.0178489,
              14.700854
            ],
            [
              121.0178713,
              14.7007532
            ],
            [
              121.0179141,
              14.7006363
            ],
            [
              121.0179549,
              14.7005441
            ],
            [
              121.0180124,
              14.7004239
            ],
            [
              121.018091,
              14.7003174
            ],
            [
              121.0181807,
              14.700236
            ],
            [
              121.0183224,
              14.7001
            ],
            [
              121.0184405,
              14.7000049
            ],
            [
              121.0185728,
              14.6999203
            ],
            [
              121.0187004,
              14.6998547
            ],
            [
              121.0188854,
              14.6997471
            ],
            [
              121.0190209,
              14.6996618
            ],
            [
              121.0191466,
              14.6995651
            ],
            [
              121.0192927,
              14.6994575
            ],
            [
              121.0194197,
              14.6993709
            ],
            [
              121.0195085,
              14.6992806
            ],
            [
              121.0195921,
              14.6991921
            ],
            [
              121.0196704,
              14.6990902
            ],
            [
              121.0197382,
              14.6989858
            ],
            [
              121.0197961,
              14.6988904
            ],
            [
              121.0198784,
              14.6987631
            ],
            [
              121.0199679,
              14.6986358
            ],
            [
              121.0200508,
              14.6985307
            ],
            [
              121.0201442,
              14.6983862
            ],
            [
              121.0201949,
              14.6982838
            ],
            [
              121.0202416,
              14.6982042
            ],
            [
              121.0202798,
              14.6981558
            ],
            [
              121.0203443,
              14.6980973
            ],
            [
              121.0204206,
              14.6980514
            ],
            [
              121.020516,
              14.6980196
            ],
            [
              121.020643,
              14.6979757
            ],
            [
              121.0207727,
              14.6979171
            ],
            [
              121.0208957,
              14.6978611
            ],
            [
              121.0209951,
              14.6978134
            ],
            [
              121.0210892,
              14.6977491
            ],
            [
              121.0211655,
              14.6976861
            ],
            [
              121.0212261,
              14.6976332
            ],
            [
              121.021264,
              14.6976025
            ],
            [
              121.0213077,
              14.6975702
            ],
            [
              121.0213722,
              14.6975206
            ],
            [
              121.021434,
              14.6974601
            ],
            [
              121.0215334,
              14.6973621
            ],
            [
              121.0215985,
              14.697292
            ],
            [
              121.0216795,
              14.6972017
            ],
            [
              121.0217683,
              14.6971036
            ],
            [
              121.0218144,
              14.6970521
            ],
            [
              121.0218605,
              14.6969891
            ],
            [
              121.0219065,
              14.6969299
            ],
            [
              121.0219631,
              14.6968344
            ],
            [
              121.0220388,
              14.6967224
            ],
            [
              121.0221,
              14.6966453
            ],
            [
              121.0221395,
              14.6965823
            ],
            [
              121.0222198,
              14.6964766
            ],
            [
              121.022277,
              14.6964124
            ],
            [
              121.0223573,
              14.6963283
            ],
            [
              121.0224159,
              14.6962698
            ],
            [
              121.0225119,
              14.6961978
            ],
            [
              121.0225922,
              14.6961406
            ],
            [
              121.0227317,
              14.6960578
            ],
            [
              121.0228403,
              14.6960094
            ],
            [
              121.0229732,
              14.695942
            ],
            [
              121.0231009,
              14.6958681
            ],
            [
              121.0231772,
              14.6958108
            ],
            [
              121.0232193,
              14.6957688
            ],
            [
              121.0232595,
              14.6957115
            ],
            [
              121.0232819,
              14.6956536
            ],
            [
              121.0233088,
              14.6955696
            ],
            [
              121.0233417,
              14.695448
            ],
            [
              121.0233832,
              14.6953194
            ],
            [
              121.0234181,
              14.6952131
            ],
            [
              121.0234641,
              14.6950737
            ],
            [
              121.023503,
              14.6949763
            ],
            [
              121.0235438,
              14.694828
            ],
            [
              121.0235661,
              14.6947173
            ],
            [
              121.0235964,
              14.6946339
            ],
            [
              121.0236339,
              14.6945734
            ],
            [
              121.0236885,
              14.694497
            ],
            [
              121.0237557,
              14.6944219
            ],
            [
              121.0238096,
              14.6943761
            ],
            [
              121.0238965,
              14.6943252
            ],
            [
              121.0239992,
              14.6942717
            ],
            [
              121.0240985,
              14.6942189
            ],
            [
              121.0241953,
              14.6941495
            ],
            [
              121.0242933,
              14.6940845
            ],
            [
              121.0243756,
              14.6940152
            ],
            [
              121.0244374,
              14.6939579
            ],
            [
              121.0244795,
              14.6938891
            ],
            [
              121.0245063,
              14.6938267
            ],
            [
              121.0245263,
              14.6937656
            ],
            [
              121.0245493,
              14.6936733
            ],
            [
              121.0245618,
              14.6935868
            ],
            [
              121.0245644,
              14.6935199
            ],
            [
              121.0245497,
              14.6934197
            ],
            [
              121.0245146,
              14.6932933
            ],
            [
              121.0244686,
              14.693196
            ],
            [
              121.0243684,
              14.6930177
            ],
            [
              121.0242836,
              14.6928724
            ],
            [
              121.0241839,
              14.692687
            ],
            [
              121.0240682,
              14.6924433
            ],
            [
              121.0239012,
              14.691906
            ],
            [
              121.0238923,
              14.6911428
            ],
            [
              121.0237582,
              14.6909064
            ],
            [
              121.0235056,
              14.6907147
            ],
            [
              121.0229565,
              14.6905977
            ],
            [
              121.0221324,
              14.6903954
            ],
            [
              121.0216672,
              14.6903804
            ],
            [
              121.0223396,
              14.6884807
            ],
            [
              121.0192022,
              14.6851812
            ],
            [
              121.014895,
              14.6806545
            ],
            [
              121.0058387,
              14.6710575
            ],
            [
              121.0022246,
              14.667334
            ],
            [
              121.0003125,
              14.6653244
            ],
            [
              120.9997577,
              14.664741
            ],
            [
              120.9994174,
              14.6643627
            ],
            [
              120.9994138,
              14.663877
            ],
            [
              120.9994033,
              14.6634339
            ],
            [
              120.9993861,
              14.661943
            ],
            [
              120.999302,
              14.6581224
            ],
            [
              120.9992982,
              14.6581072
            ],
            [
              120.9991025,
              14.6573354
            ],
            [
              120.9989016,
              14.6568231
            ],
            [
              120.9987949,
              14.6566755
            ],
            [
              120.9985902,
              14.6563956
            ],
            [
              120.9984358,
              14.6561778
            ],
            [
              120.9976659,
              14.6551673
            ],
            [
              120.9972619,
              14.6543814
            ],
            [
              120.9970642,
              14.6539536
            ],
            [
              120.9965706,
              14.6528858
            ],
            [
              120.9962495,
              14.6521912
            ],
            [
              120.9955689,
              14.6507248
            ],
            [
              120.9951615,
              14.6497136
            ],
            [
              120.9945753,
              14.6480502
            ],
            [
              120.9943354,
              14.6474992
            ],
            [
              120.994172,
              14.6471239
            ],
            [
              120.9941546,
              14.647084
            ],
            [
              120.9940588,
              14.6468884
            ],
            [
              120.9934932,
              14.645824
            ],
            [
              120.9933546,
              14.6455495
            ],
            [
              120.9931041,
              14.6450106
            ],
            [
              120.9928718,
              14.644469
            ],
            [
              120.9928787,
              14.6442386
            ],
            [
              120.9928964,
              14.6438027
            ],
            [
              120.9928758,
              14.6436994
            ],
            [
              120.9926892,
              14.6433075
            ],
            [
              120.9925111,
              14.6428751
            ],
            [
              120.9923392,
              14.642419
            ],
            [
              120.9921201,
              14.6419929
            ],
            [
              120.9919297,
              14.6415352
            ],
            [
              120.9917593,
              14.6410924
            ],
            [
              120.9915513,
              14.6406945
            ],
            [
              120.9913863,
              14.6402168
            ],
            [
              120.9912629,
              14.6398421
            ],
            [
              120.9913141,
              14.6398144
            ],
            [
              120.9920194,
              14.6385471
            ],
            [
              120.9923657,
              14.6379133
            ],
            [
              120.9925993,
              14.6374219
            ],
            [
              120.9921888,
              14.6362678
            ],
            [
              120.9930436,
              14.6359804
            ],
            [
              120.9927465,
              14.6350704
            ],
            [
              120.9926061,
              14.6346564
            ],
            [
              120.9912483,
              14.6305274
            ],
            [
              120.9898422,
              14.6262956
            ],
            [
              120.9897923,
              14.6261965
            ],
            [
              120.9897283,
              14.6260506
            ],
            [
              120.9897057,
              14.6259918
            ],
            [
              120.989696,
              14.6259392
            ],
            [
              120.9897009,
              14.6258964
            ],
            [
              120.989728,
              14.6258347
            ],
            [
              120.9897748,
              14.6257718
            ],
            [
              120.9898485,
              14.6256993
            ],
            [
              120.9900091,
              14.6255676
            ],
            [
              120.9903794,
              14.6252891
            ],
            [
              120.9904808,
              14.6252066
            ],
            [
              120.9905542,
              14.625143
            ],
            [
              120.9913338,
              14.6245156
            ],
            [
              120.9914118,
              14.624452
            ],
            [
              120.9914965,
              14.6243846
            ],
            [
              120.9918209,
              14.6241457
            ],
            [
              120.9926283,
              14.6235315
            ],
            [
              120.9938174,
              14.6226095
            ],
            [
              120.9949899,
              14.6217121
            ],
            [
              120.9953714,
              14.6214035
            ],
            [
              120.9959497,
              14.6209761
            ],
            [
              120.996077,
              14.6208793
            ],
            [
              120.9961595,
              14.6208149
            ],
            [
              120.9962762,
              14.6207256
            ],
            [
              120.9963925,
              14.6206346
            ],
            [
              120.9971376,
              14.6200475
            ],
            [
              120.9972557,
              14.6199604
            ],
            [
              120.9973311,
              14.6198972
            ],
            [
              120.9974951,
              14.6197686
            ],
            [
              120.9976895,
              14.6195797
            ],
            [
              120.9978929,
              14.6193355
            ],
            [
              121.0009647,
              14.6170829
            ],
            [
              121.003646,
              14.6150944
            ],
            [
              121.0052731,
              14.6139723
            ],
            [
              121.0069471,
              14.6125167
            ],
            [
              121.0081408,
              14.6115939
            ],
            [
              121.0092936,
              14.6107331
            ],
            [
              121.0104299,
              14.6098411
            ],
            [
              121.0139822,
              14.607205
            ],
            [
              121.0153858,
              14.6061298
            ],
            [
              121.0163648,
              14.6053799
            ],
            [
              121.0175128,
              14.6044948
            ],
            [
              121.0176183,
              14.6043722
            ],
            [
              121.0185805,
              14.6036079
            ],
            [
              121.0193921,
              14.6029951
            ],
            [
              121.0196059,
              14.602878
            ],
            [
              121.0196633,
              14.6031741
            ],
            [
              121.0198942,
              14.603941
            ],
            [
              121.0201956,
              14.6045802
            ],
            [
              121.0204992,
              14.6051134
            ],
            [
              121.0209541,
              14.6058371
            ],
            [
              121.0213826,
              14.6064302
            ],
            [
              121.0219474,
              14.6071501
            ],
            [
              121.0223566,
              14.6076536
            ],
            [
              121.0224028,
              14.6080033
            ],
            [
              121.0222897,
              14.6082981
            ],
            [
              121.0221278,
              14.6085744
            ],
            [
              121.0219135,
              14.6088317
            ],
            [
              121.0217177,
              14.609016
            ],
            [
              121.0214532,
              14.6092493
            ],
            [
              121.0213482,
              14.6093329
            ],
            [
              121.0214352,
              14.6095448
            ],
            [
              121.0219307,
              14.6104505
            ],
            [
              121.0225558,
              14.6113174
            ],
            [
              121.0230435,
              14.6120983
            ],
            [
              121.0232341,
              14.613178
            ],
            [
              121.0232654,
              14.6133529
            ],
            [
              121.0232946,
              14.6135373
            ],
            [
              121.0234014,
              14.6137345
            ],
            [
              121.0235014,
              14.6138021
            ],
            [
              121.0236239,
              14.6138471
            ],
            [
              121.0237484,
              14.6138698
            ],
            [
              121.0243076,
              14.6137399
            ],
            [
              121.024867,
              14.6135101
            ],
            [
              121.0249658,
              14.6133976
            ],
            [
              121.0250526,
              14.6131828
            ],
            [
              121.0252071,
              14.6127011
            ],
            [
              121.0253272,
              14.6125184
            ],
            [
              121.0255013,
              14.6123868
            ],
            [
              121.0259875,
              14.6123059
            ],
            [
              121.0269145,
              14.6123391
            ],
            [
              121.0272902,
              14.612361
            ],
            [
              121.0275176,
              14.6123924
            ],
            [
              121.0277158,
              14.6123882
            ],
            [
              121.0281662,
              14.6122644
            ],
            [
              121.0286223,
              14.6120554
            ],
            [
              121.0288587,
              14.6120778
            ],
            [
              121.0289744,
              14.6121481
            ],
            [
              121.0292236,
              14.6124654
            ],
            [
              121.0292359,
              14.6128516
            ],
            [
              121.0292643,
              14.6129399
            ],
            [
              121.0293352,
              14.6129982
            ],
            [
              121.0294838,
              14.6130842
            ],
            [
              121.0298162,
              14.6131828
            ],
            [
              121.0301013,
              14.6131495
            ],
            [
              121.0304507,
              14.6129786
            ],
            [
              121.0306945,
              14.6129724
            ],
            [
              121.0308805,
              14.6129253
            ],
            [
              121.0310722,
              14.6126096
            ],
            [
              121.0312621,
              14.6122656
            ],
            [
              121.0313434,
              14.6121154
            ],
            [
              121.031507,
              14.6118864
            ],
            [
              121.031655,
              14.6116728
            ],
            [
              121.0320126,
              14.6114971
            ],
            [
              121.0325136,
              14.6110659
            ],
            [
              121.0327126,
              14.6108919
            ],
            [
              121.0328741,
              14.6107088
            ],
            [
              121.0334107,
              14.6099756
            ],
            [
              121.0336672,
              14.6096889
            ],
            [
              121.0339011,
              14.6095485
            ],
            [
              121.0343474,
              14.6094571
            ],
            [
              121.0346766,
              14.609438
            ],
            [
              121.0348568,
              14.6094131
            ],
            [
              121.0352143,
              14.6089671
            ],
            [
              121.0353238,
              14.6088145
            ],
            [
              121.0355505,
              14.6086707
            ],
            [
              121.0359383,
              14.6086822
            ],
            [
              121.0362119,
              14.6086815
            ],
            [
              121.0363622,
              14.6086678
            ],
            [
              121.0366234,
              14.6085997
            ],
            [
              121.0368149,
              14.608499
            ],
            [
              121.0368813,
              14.608398
            ],
            [
              121.0368916,
              14.6079957
            ],
            [
              121.0370345,
              14.6076347
            ],
            [
              121.037234,
              14.6067847
            ],
            [
              121.0372661,
              14.6066917
            ],
            [
              121.0373297,
              14.6066131
            ],
            [
              121.0375096,
              14.6065453
            ],
            [
              121.0376133,
              14.6064446
            ],
            [
              121.0376794,
              14.6063972
            ],
            [
              121.0377321,
              14.6063141
            ],
            [
              121.0378182,
              14.6063977
            ],
            [
              121.0380345,
              14.6065754
            ],
            [
              121.0380917,
              14.6066262
            ],
            [
              121.0384989,
              14.60699
            ],
            [
              121.038653,
              14.607123
            ],
            [
              121.0386948,
              14.607157
            ],
            [
              121.0387118,
              14.6071739
            ],
            [
              121.0388707,
              14.6073116
            ],
            [
              121.0391963,
              14.6075688
            ],
            [
              121.0393201,
              14.6076583
            ],
            [
              121.0396159,
              14.6078858
            ],
            [
              121.040243,
              14.6083622
            ],
            [
              121.0407497,
              14.6087073
            ],
            [
              121.0409096,
              14.6088153
            ],
            [
              121.0410549,
              14.6088794
            ],
            [
              121.0413743,
              14.609006
            ],
            [
              121.0421317,
              14.6093009
            ],
            [
              121.0428448,
              14.6095839
            ],
            [
              121.0429556,
              14.609642
            ],
            [
              121.0429708,
              14.6096503
            ],
            [
              121.0430241,
              14.6096537
            ],
            [
              121.0430998,
              14.6096534
            ],
            [
              121.0431512,
              14.6096418
            ],
            [
              121.043249,
              14.6095823
            ],
            [
              121.0433502,
              14.6094944
            ],
            [
              121.0440186,
              14.6089572
            ],
            [
              121.0441123,
              14.6089231
            ],
            [
              121.0442439,
              14.6088989
            ],
            [
              121.0445993,
              14.6088481
            ],
            [
              121.0447027,
              14.6088322
            ],
            [
              121.0450626,
              14.6087768
            ],
            [
              121.0451961,
              14.6087541
            ],
            [
              121.0456728,
              14.6086802
            ],
            [
              121.0457618,
              14.6086687
            ],
            [
              121.0458196,
              14.6086706
            ],
            [
              121.0458646,
              14.6086757
            ],
            [
              121.0459282,
              14.6086828
            ],
            [
              121.046149,
              14.6087406
            ],
            [
              121.046206,
              14.6087541
            ],
            [
              121.0462786,
              14.6087713
            ],
            [
              121.0466595,
              14.6088721
            ],
            [
              121.0469243,
              14.608939
            ],
            [
              121.0469987,
              14.6089577
            ],
            [
              121.0470529,
              14.6089712
            ],
            [
              121.0471288,
              14.6089875
            ],
            [
              121.0475866,
              14.609092
            ],
            [
              121.0477546,
              14.6091336
            ],
            [
              121.0477992,
              14.6091441
            ],
            [
              121.0480342,
              14.6092028
            ],
            [
              121.048233,
              14.6092525
            ],
            [
              121.0483294,
              14.6092755
            ],
            [
              121.0484539,
              14.6093052
            ],
            [
              121.0488039,
              14.609382
            ],
            [
              121.0489874,
              14.6094296
            ],
            [
              121.0493489,
              14.6095176
            ],
            [
              121.0494174,
              14.6095353
            ],
            [
              121.0499506,
              14.6096662
            ],
            [
              121.0500481,
              14.6096889
            ],
            [
              121.0510734,
              14.607049
            ],
            [
              121.0513718,
              14.6063175
            ],
            [
              121.051396,
              14.6062072
            ],
            [
              121.0514962,
              14.6058821
            ],
            [
              121.051977,
              14.6048031
            ],
            [
              121.0521141,
              14.6045129
            ],
            [
              121.0521673,
              14.6045402
            ],
            [
              121.0567956,
              14.6065867
            ],
            [
              121.0569881,
              14.6066703
            ],
            [
              121.0569959,
              14.6066534
            ],
            [
              121.0590045,
              14.602265
            ],
            [
              121.0591491,
              14.601912
            ],
            [
              121.0592271,
              14.6017034
            ],
            [
              121.0593395,
              14.6013506
            ],
            [
              121.0594461,
              14.6009617
            ],
            [
              121.0595389,
              14.6005758
            ],
            [
              121.0596084,
              14.6002475
            ],
            [
              121.0596867,
              14.5996641
            ],
            [
              121.0597074,
              14.599452
            ],
            [
              121.0597277,
              14.5991796
            ],
            [
              121.0597399,
              14.5988943
            ],
            [
              121.0597438,
              14.5986502
            ],
            [
              121.0597432,
              14.5983444
            ],
            [
              121.0597365,
              14.5981082
            ],
            [
              121.0597212,
              14.5978708
            ],
            [
              121.0596993,
              14.5976371
            ],
            [
              121.0596703,
              14.5973922
            ],
            [
              121.0596363,
              14.5971525
            ],
            [
              121.0595967,
              14.5969132
            ],
            [
              121.0594743,
              14.5962171
            ],
            [
              121.0592133,
              14.5953564
            ],
            [
              121.0587576,
              14.5940416
            ],
            [
              121.058484,
              14.5932156
            ],
            [
              121.0583341,
              14.5927896
            ],
            [
              121.0581667,
              14.592365
            ],
            [
              121.0578276,
              14.591349
            ],
            [
              121.0577585,
              14.5911365
            ],
            [
              121.0572211,
              14.589369
            ],
            [
              121.0582621,
              14.5896463
            ],
            [
              121.0596451,
              14.5900235
            ],
            [
              121.0614237,
              14.5904899
            ],
            [
              121.0616432,
              14.5905503
            ],
            [
              121.0617941,
              14.5905758
            ],
            [
              121.0680469,
              14.5919521
            ],
            [
              121.0695316,
              14.5930667
            ],
            [
              121.0698755,
              14.5933839
            ],
            [
              121.0704484,
              14.5934856
            ],
            [
              121.0706848,
              14.593464
            ],
            [
              121.0723414,
              14.5932389
            ],
            [
              121.0738133,
              14.5930164
            ],
            [
              121.0760398,
              14.5926956
            ],
            [
              121.0774771,
              14.5924751
            ],
            [
              121.07788,
              14.5923335
            ],
            [
              121.0785544,
              14.5920822
            ],
            [
              121.0796285,
              14.5916782
            ],
            [
              121.0797276,
              14.5916496
            ],
            [
              121.0798384,
              14.5916175
            ],
            [
              121.0799433,
              14.5915772
            ],
            [
              121.0826503,
              14.5905369
            ],
            [
              121.0830518,
              14.5903997
            ],
            [
              121.0827285,
              14.5921634
            ],
            [
              121.0825605,
              14.5933792
            ],
            [
              121.0823165,
              14.5951453
            ],
            [
              121.0823855,
              14.596288
            ],
            [
              121.0824407,
              14.5972293
            ],
            [
              121.082531,
              14.5989494
            ],
            [
              121.0823531,
              14.6017929
            ],
            [
              121.0823594,
              14.6023855
            ],
            [
              121.0824594,
              14.6026332
            ],
            [
              121.0828519,
              14.6030984
            ],
            [
              121.0832517,
              14.6032684
            ],
            [
              121.083786,
              14.6033745
            ],
            [
              121.0846416,
              14.6033011
            ],
            [
              121.0856732,
              14.6028411
            ],
            [
              121.0863878,
              14.6022288
            ],
            [
              121.0870479,
              14.6014334
            ],
            [
              121.0874234,
              14.6003282
            ],
            [
              121.0879788,
              14.5994192
            ],
            [
              121.0885861,
              14.5991661
            ],
            [
              121.0892784,
              14.5991854
            ],
            [
              121.0900354,
              14.5993213
            ],
            [
              121.0902434,
              14.5996752
            ],
            [
              121.0904543,
              14.6001564
            ],
            [
              121.0904275,
              14.6011754
            ],
            [
              121.0900155,
              14.6024379
            ],
            [
              121.0889512,
              14.6041655
            ],
            [
              121.0883546,
              14.6054058
            ],
            [
              121.0880242,
              14.6060925
            ],
            [
              121.0876246,
              14.6066771
            ],
            [
              121.0873671,
              14.6069989
            ],
            [
              121.0869916,
              14.607435
            ],
            [
              121.0866938,
              14.6076539
            ],
            [
              121.0846661,
              14.6090753
            ],
            [
              121.082733,
              14.6104304
            ],
            [
              121.0810672,
              14.6115981
            ],
            [
              121.0799561,
              14.6124462
            ],
            [
              121.079012,
              14.6138249
            ],
            [
              121.0788997,
              14.6141584
            ],
            [
              121.0784392,
              14.6155269
            ],
            [
              121.078399,
              14.6160455
            ],
            [
              121.0784541,
              14.616765
            ],
            [
              121.0786891,
              14.6173291
            ],
            [
              121.0788822,
              14.6177381
            ],
            [
              121.0782067,
              14.6181381
            ],
            [
              121.0781522,
              14.6181704
            ],
            [
              121.0781009,
              14.6182005
            ],
            [
              121.0779778,
              14.6182727
            ],
            [
              121.0758218,
              14.6195429
            ],
            [
              121.0762267,
              14.6203305
            ],
            [
              121.0765039,
              14.6208781
            ],
            [
              121.0765189,
              14.6213886
            ],
            [
              121.0764557,
              14.6218147
            ],
            [
              121.0759409,
              14.6228017
            ],
            [
              121.0758256,
              14.623032
            ],
            [
              121.0750915,
              14.6237732
            ],
            [
              121.0752906,
              14.6239809
            ],
            [
              121.0751135,
              14.6247014
            ],
            [
              121.0750843,
              14.6249965
            ],
            [
              121.075037,
              14.6252375
            ],
            [
              121.0747689,
              14.6264184
            ],
            [
              121.0744536,
              14.6279073
            ],
            [
              121.0743718,
              14.6283908
            ],
            [
              121.0743739,
              14.6286311
            ],
            [
              121.0751483,
              14.628847
            ],
            [
              121.0758175,
              14.629031
            ],
            [
              121.0769013,
              14.6296256
            ],
            [
              121.0771695,
              14.6303523
            ],
            [
              121.0774626,
              14.6309563
            ],
            [
              121.077469,
              14.6314838
            ],
            [
              121.0775373,
              14.6316817
            ],
            [
              121.0776147,
              14.6322159
            ],
            [
              121.0777748,
              14.6324289
            ],
            [
              121.0777259,
              14.6325722
            ],
            [
              121.0777695,
              14.6328058
            ],
            [
              121.0781852,
              14.6327038
            ],
            [
              121.0781921,
              14.6331024
            ],
            [
              121.0783354,
              14.6331595
            ],
            [
              121.0787821,
              14.6333002
            ],
            [
              121.0795619,
              14.6336149
            ],
            [
              121.0799374,
              14.6339782
            ],
            [
              121.0802379,
              14.6345357
            ],
            [
              121.0797189,
              14.6346416
            ],
            [
              121.0799697,
              14.6355115
            ],
            [
              121.0803023,
              14.635823
            ],
            [
              121.0806885,
              14.6362589
            ],
            [
              121.0806778,
              14.6365807
            ],
            [
              121.0808709,
              14.6368195
            ],
            [
              121.0813323,
              14.636861
            ],
            [
              121.0817386,
              14.6369035
            ],
            [
              121.0818386,
              14.6373806
            ],
            [
              121.0819219,
              14.6379116
            ],
            [
              121.0819852,
              14.6383165
            ],
            [
              121.0816883,
              14.6383388
            ],
            [
              121.0811626,
              14.638401
            ],
            [
              121.0807133,
              14.6384576
            ],
            [
              121.0809909,
              14.638754
            ],
            [
              121.0814591,
              14.6391565
            ],
            [
              121.0814819,
              14.6395869
            ],
            [
              121.0817834,
              14.6400111
            ],
            [
              121.0819886,
              14.6401248
            ],
            [
              121.0823068,
              14.640833
            ],
            [
              121.0823287,
              14.6410846
            ],
            [
              121.0824574,
              14.6413518
            ],
            [
              121.0822937,
              14.6419772
            ],
            [
              121.0823549,
              14.6424372
            ],
            [
              121.0831803,
              14.6433858
            ],
            [
              121.0831645,
              14.6436992
            ],
            [
              121.083191,
              14.6439884
            ],
            [
              121.0835988,
              14.6439511
            ],
            [
              121.0837125,
              14.6439275
            ],
            [
              121.0844846,
              14.643628
            ],
            [
              121.0845527,
              14.643604
            ],
            [
              121.0846143,
              14.6435892
            ],
            [
              121.0846987,
              14.6435798
            ],
            [
              121.0847817,
              14.6435815
            ],
            [
              121.0850099,
              14.6436198
            ],
            [
              121.0853961,
              14.6437005
            ],
            [
              121.0856098,
              14.6443397
            ],
            [
              121.0856328,
              14.6443841
            ],
            [
              121.0856666,
              14.644422
            ],
            [
              121.0857192,
              14.6444544
            ],
            [
              121.0863634,
              14.644596
            ],
            [
              121.0870707,
              14.6447519
            ],
            [
              121.0873794,
              14.644818
            ],
            [
              121.0876805,
              14.6448716
            ],
            [
              121.0876126,
              14.6453564
            ],
            [
              121.0875442,
              14.6458453
            ],
            [
              121.0878872,
              14.6458947
            ],
            [
              121.0882268,
              14.6459437
            ],
            [
              121.0889727,
              14.6464517
            ],
            [
              121.0895925,
              14.646864
            ],
            [
              121.0877901,
              14.6485394
            ],
            [
              121.0877308,
              14.6489835
            ],
            [
              121.0868934,
              14.6493282
            ],
            [
              121.0865934,
              14.6514982
            ],
            [
              121.0867363,
              14.6514588
            ],
            [
              121.0874186,
              14.651271
            ],
            [
              121.0874307,
              14.651506
            ],
            [
              121.0866746,
              14.652202
            ],
            [
              121.0858927,
              14.6527812
            ],
            [
              121.0857761,
              14.6529528
            ],
            [
              121.0857806,
              14.6532691
            ],
            [
              121.0861472,
              14.6545518
            ],
            [
              121.0854564,
              14.6547612
            ],
            [
              121.0857081,
              14.6554682
            ],
            [
              121.0859908,
              14.6562612
            ],
            [
              121.0865123,
              14.6557911
            ],
            [
              121.0867891,
              14.6566853
            ],
            [
              121.0874608,
              14.6573361
            ],
            [
              121.0882081,
              14.6566672
            ],
            [
              121.0912009,
              14.6596216
            ],
            [
              121.0911456,
              14.6605249
            ],
            [
              121.0914765,
              14.6609324
            ],
            [
              121.0920319,
              14.6617729
            ],
            [
              121.0935248,
              14.6634173
            ],
            [
              121.0936321,
              14.6639892
            ],
            [
              121.0936995,
              14.6643486
            ],
            [
              121.0938826,
              14.6645004
            ],
            [
              121.0941136,
              14.6646918
            ],
            [
              121.0948585,
              14.6649347
            ],
            [
              121.0951488,
              14.6652335
            ],
            [
              121.095218,
              14.6652617
            ],
            [
              121.0952371,
              14.6652695
            ],
            [
              121.0956829,
              14.6652424
            ],
            [
              121.0961861,
              14.6648805
            ],
            [
              121.0963356,
              14.664908
            ],
            [
              121.0964764,
              14.6648531
            ],
            [
              121.096494,
              14.6646002
            ],
            [
              121.0965238,
              14.6645363
            ],
            [
              121.0966408,
              14.6645002
            ],
            [
              121.0967374,
              14.6642299
            ],
            [
              121.0977901,
              14.6637829
            ],
            [
              121.0979135,
              14.6640424
            ],
            [
              121.0980536,
              14.6642888
            ],
            [
              121.098272,
              14.6648377
            ],
            [
              121.0983993,
              14.6651508
            ],
            [
              121.0987418,
              14.6661076
            ],
            [
              121.0988355,
              14.666584
            ],
            [
              121.0988701,
              14.6668294
            ],
            [
              121.0988218,
              14.6670317
            ],
            [
              121.0986873,
              14.6671562
            ],
            [
              121.0986737,
              14.6673511
            ],
            [
              121.0987592,
              14.6678005
            ],
            [
              121.0989231,
              14.66828
            ],
            [
              121.0991505,
              14.6688157
            ],
            [
              121.0993176,
              14.6692092
            ],
            [
              121.1002379,
              14.6700618
            ],
            [
              121.103246,
              14.6723195
            ],
            [
              121.1036883,
              14.6727604
            ],
            [
              121.1050187,
              14.6744874
            ],
            [
              121.105877,
              14.6752513
            ],
            [
              121.1066178,
              14.6757895
            ],
            [
              121.1079596,
              14.6772824
            ],
            [
              121.1085758,
              14.6782858
            ],
            [
              121.1088846,
              14.6787885
            ],
            [
              121.1101685,
              14.6808973
            ],
            [
              121.1116706,
              14.6834048
            ],
            [
              121.1119916,
              14.6844409
            ],
            [
              121.1121169,
              14.6846502
            ],
            [
              121.1121855,
              14.6852978
            ],
            [
              121.1116315,
              14.687997
            ],
            [
              121.1112444,
              14.6892163
            ],
            [
              121.1111656,
              14.6897751
            ],
            [
              121.111245,
              14.6912424
            ],
            [
              121.1115295,
              14.6930258
            ],
            [
              121.1115761,
              14.693783
            ],
            [
              121.111507,
              14.6943315
            ],
            [
              121.1114034,
              14.6951533
            ],
            [
              121.1114141,
              14.6957288
            ],
            [
              121.1121743,
              14.6964194
            ],
            [
              121.1121494,
              14.696915
            ],
            [
              121.1124859,
              14.6976077
            ],
            [
              121.112718,
              14.6977972
            ],
            [
              121.1132035,
              14.6978983
            ],
            [
              121.1136835,
              14.6981078
            ],
            [
              121.1139464,
              14.6980592
            ],
            [
              121.1142418,
              14.7001892
            ],
            [
              121.1144559,
              14.7017321
            ],
            [
              121.1171018,
              14.7208067
            ],
            [
              121.1170765,
              14.7213523
            ],
            [
              121.1183676,
              14.7298888
            ],
            [
              121.1184868,
              14.7307439
            ]
          ]
        ]
      },
      "id": "relation/106569"
    },
    {
      "type": "Feature",
      "properties": {
        "@id": "relation/131703",
        "admin_level": "6",
        "boundary": "administrative",
        "name": "Pasig",
        "name:ja": "パシッグ",
        "name:ko": "파시그",
        "name:ru": "Пасиг",
        "name:uk": "Пасіґ",
        "place": "city",
        "population": "803159",
        "population:date": "2020-05-01",
        "ref": "137403000",
        "source:population": "Philippine Statistics Authority",
        "type": "boundary",
        "website": "https://www.pasigcity.gov.ph/",
        "wikidata": "Q1624",
        "wikipedia": "en:Pasig"
      },
      "geometry": {
        "type": "Polygon",
        "coordinates": [
          [
            [
              121.0846267,
              14.5470626
            ],
            [
              121.0849957,
              14.5470564
            ],
            [
              121.0851925,
              14.5470531
            ],
            [
              121.0858464,
              14.547032
            ],
            [
              121.087766,
              14.5469567
            ],
            [
              121.0879814,
              14.5469056
            ],
            [
              121.0888776,
              14.5468455
            ],
            [
              121.0892722,
              14.5467303
            ],
            [
              121.089466,
              14.5465382
            ],
            [
              121.0895547,
              14.5464839
            ],
            [
              121.0895874,
              14.5464432
            ],
            [
              121.0897835,
              14.5461223
            ],
            [
              121.089934,
              14.545805
            ],
            [
              121.0899635,
              14.5457335
            ],
            [
              121.0901633,
              14.5451157
            ],
            [
              121.0902035,
              14.5449832
            ],
            [
              121.0902407,
              14.5448804
            ],
            [
              121.0905227,
              14.5449897
            ],
            [
              121.0907292,
              14.5450235
            ],
            [
              121.0909398,
              14.545017
            ],
            [
              121.0918128,
              14.5447106
            ],
            [
              121.0921133,
              14.5446535
            ],
            [
              121.0923392,
              14.5446411
            ],
            [
              121.0932854,
              14.5446743
            ],
            [
              121.0942884,
              14.544712
            ],
            [
              121.0947346,
              14.5449541
            ],
            [
              121.0948958,
              14.5448014
            ],
            [
              121.0951646,
              14.5446097
            ],
            [
              121.0955441,
              14.5444017
            ],
            [
              121.0958944,
              14.5441587
            ],
            [
              121.0961738,
              14.543857
            ],
            [
              121.0962908,
              14.5436138
            ],
            [
              121.0963921,
              14.5432131
            ],
            [
              121.0964133,
              14.5428665
            ],
            [
              121.0963219,
              14.542457
            ],
            [
              121.0962033,
              14.5419892
            ],
            [
              121.0961669,
              14.5416482
            ],
            [
              121.0961541,
              14.5413932
            ],
            [
              121.0961428,
              14.5411748
            ],
            [
              121.0961877,
              14.5409431
            ],
            [
              121.0962844,
              14.540749
            ],
            [
              121.0963889,
              14.54061
            ],
            [
              121.0965653,
              14.5404485
            ],
            [
              121.096835,
              14.5402595
            ],
            [
              121.0972033,
              14.539991
            ],
            [
              121.0974884,
              14.539692
            ],
            [
              121.097774,
              14.5393449
            ],
            [
              121.0979551,
              14.5390663
            ],
            [
              121.0980772,
              14.5387781
            ],
            [
              121.0982797,
              14.5382459
            ],
            [
              121.0985228,
              14.5378199
            ],
            [
              121.0986764,
              14.5376144
            ],
            [
              121.0990146,
              14.5372753
            ],
            [
              121.0992793,
              14.5370879
            ],
            [
              121.0994225,
              14.5369866
            ],
            [
              121.0999466,
              14.5367551
            ],
            [
              121.1005837,
              14.5363713
            ],
            [
              121.1010718,
              14.5362181
            ],
            [
              121.1017269,
              14.5357651
            ],
            [
              121.1019847,
              14.5355934
            ],
            [
              121.1023432,
              14.535255
            ],
            [
              121.1025753,
              14.5350627
            ],
            [
              121.1027159,
              14.5349437
            ],
            [
              121.1033661,
              14.5344058
            ],
            [
              121.1040832,
              14.5338787
            ],
            [
              121.1045698,
              14.5357375
            ],
            [
              121.104759,
              14.5366058
            ],
            [
              121.1054144,
              14.539114
            ],
            [
              121.1055687,
              14.5394983
            ],
            [
              121.1055981,
              14.5396401
            ],
            [
              121.1055929,
              14.5397947
            ],
            [
              121.105654,
              14.5400121
            ],
            [
              121.1056883,
              14.5401339
            ],
            [
              121.1057218,
              14.540234
            ],
            [
              121.105726,
              14.5403531
            ],
            [
              121.1058772,
              14.5404341
            ],
            [
              121.1059204,
              14.5405921
            ],
            [
              121.1060853,
              14.5411739
            ],
            [
              121.1062926,
              14.5419963
            ],
            [
              121.1063074,
              14.5420505
            ],
            [
              121.106168,
              14.5420793
            ],
            [
              121.1061299,
              14.5421032
            ],
            [
              121.1062023,
              14.5422746
            ],
            [
              121.1062498,
              14.5424227
            ],
            [
              121.1063078,
              14.542575
            ],
            [
              121.106337,
              14.542683
            ],
            [
              121.1065404,
              14.5435594
            ],
            [
              121.1071439,
              14.5459515
            ],
            [
              121.1073932,
              14.5459514
            ],
            [
              121.1076289,
              14.5459763
            ],
            [
              121.1079507,
              14.5459822
            ],
            [
              121.1084797,
              14.5459487
            ],
            [
              121.1088878,
              14.5459429
            ],
            [
              121.1090249,
              14.545934
            ],
            [
              121.1091806,
              14.545953
            ],
            [
              121.1094066,
              14.5459566
            ],
            [
              121.1094739,
              14.5459827
            ],
            [
              121.1095507,
              14.5461498
            ],
            [
              121.1095904,
              14.5462122
            ],
            [
              121.1096646,
              14.5464563
            ],
            [
              121.1097446,
              14.5465986
            ],
            [
              121.1092971,
              14.5469767
            ],
            [
              121.1086074,
              14.547851
            ],
            [
              121.1083096,
              14.5482285
            ],
            [
              121.1074107,
              14.5489209
            ],
            [
              121.106724,
              14.5495024
            ],
            [
              121.1063946,
              14.5498471
            ],
            [
              121.1060052,
              14.5501647
            ],
            [
              121.1057576,
              14.5503605
            ],
            [
              121.1056682,
              14.5504446
            ],
            [
              121.1055438,
              14.5505617
            ],
            [
              121.1045032,
              14.5511121
            ],
            [
              121.1036932,
              14.5515898
            ],
            [
              121.1028616,
              14.5521713
            ],
            [
              121.102133,
              14.5526161
            ],
            [
              121.1018453,
              14.5527736
            ],
            [
              121.1017059,
              14.5529085
            ],
            [
              121.1011906,
              14.5535188
            ],
            [
              121.1010776,
              14.55356
            ],
            [
              121.1008848,
              14.5536226
            ],
            [
              121.1005335,
              14.5536493
            ],
            [
              121.0997503,
              14.5533655
            ],
            [
              121.099351,
              14.553279
            ],
            [
              121.0992397,
              14.5533099
            ],
            [
              121.0991344,
              14.5534167
            ],
            [
              121.0988038,
              14.5538634
            ],
            [
              121.0982747,
              14.5545464
            ],
            [
              121.0980692,
              14.5547713
            ],
            [
              121.098221,
              14.5549749
            ],
            [
              121.0983068,
              14.5553155
            ],
            [
              121.0982639,
              14.555573
            ],
            [
              121.0978863,
              14.5567859
            ],
            [
              121.097912,
              14.5575834
            ],
            [
              121.0981972,
              14.5583662
            ],
            [
              121.0981695,
              14.558572
            ],
            [
              121.09641,
              14.5598597
            ],
            [
              121.0963127,
              14.5600221
            ],
            [
              121.0962866,
              14.5602645
            ],
            [
              121.0963544,
              14.560421
            ],
            [
              121.0971567,
              14.5617455
            ],
            [
              121.0975687,
              14.5619781
            ],
            [
              121.0979549,
              14.5622522
            ],
            [
              121.0980236,
              14.5624516
            ],
            [
              121.0979721,
              14.5625513
            ],
            [
              121.0974263,
              14.5629898
            ],
            [
              121.0969944,
              14.5632912
            ],
            [
              121.0959808,
              14.5638971
            ],
            [
              121.0959721,
              14.5639033
            ],
            [
              121.0958435,
              14.5640881
            ],
            [
              121.0961182,
              14.5645949
            ],
            [
              121.0962712,
              14.5648727
            ],
            [
              121.0961385,
              14.565241
            ],
            [
              121.0957649,
              14.5660163
            ],
            [
              121.0954608,
              14.5665395
            ],
            [
              121.0949852,
              14.5671618
            ],
            [
              121.0948564,
              14.5676104
            ],
            [
              121.0948721,
              14.5676654
            ],
            [
              121.0949862,
              14.5680657
            ],
            [
              121.0949509,
              14.5683082
            ],
            [
              121.0947019,
              14.5688315
            ],
            [
              121.0946307,
              14.5690387
            ],
            [
              121.0950081,
              14.5691679
            ],
            [
              121.0962278,
              14.5692101
            ],
            [
              121.0969335,
              14.5693217
            ],
            [
              121.0981008,
              14.5699779
            ],
            [
              121.0983364,
              14.5700121
            ],
            [
              121.0984013,
              14.5700764
            ],
            [
              121.0986242,
              14.570505
            ],
            [
              121.0991614,
              14.5711402
            ],
            [
              121.1002552,
              14.5723371
            ],
            [
              121.1005924,
              14.5728654
            ],
            [
              121.1006035,
              14.5728855
            ],
            [
              121.1005874,
              14.5729101
            ],
            [
              121.1006004,
              14.5729187
            ],
            [
              121.1006508,
              14.5729546
            ],
            [
              121.1006856,
              14.5729793
            ],
            [
              121.1006944,
              14.5729869
            ],
            [
              121.100697,
              14.5729945
            ],
            [
              121.1007226,
              14.5730123
            ],
            [
              121.1007567,
              14.5730871
            ],
            [
              121.1007761,
              14.573139
            ],
            [
              121.100746,
              14.5731825
            ],
            [
              121.1007734,
              14.5732013
            ],
            [
              121.100789,
              14.5732125
            ],
            [
              121.1007932,
              14.5732218
            ],
            [
              121.100887,
              14.5732919
            ],
            [
              121.1009015,
              14.5732742
            ],
            [
              121.1009202,
              14.5732884
            ],
            [
              121.1009791,
              14.5733309
            ],
            [
              121.1009549,
              14.5733819
            ],
            [
              121.1010846,
              14.5735391
            ],
            [
              121.1013866,
              14.5740579
            ],
            [
              121.1014994,
              14.5744278
            ],
            [
              121.101526,
              14.5753659
            ],
            [
              121.1018774,
              14.5756064
            ],
            [
              121.1021329,
              14.5758115
            ],
            [
              121.1033159,
              14.5765649
            ],
            [
              121.1034319,
              14.5766165
            ],
            [
              121.1035524,
              14.5766846
            ],
            [
              121.1036474,
              14.5767584
            ],
            [
              121.1037694,
              14.576827
            ],
            [
              121.1043113,
              14.5770221
            ],
            [
              121.1047423,
              14.5773189
            ],
            [
              121.105002,
              14.5775818
            ],
            [
              121.1052517,
              14.5777481
            ],
            [
              121.1055239,
              14.5777541
            ],
            [
              121.1057347,
              14.5777169
            ],
            [
              121.1065996,
              14.5787033
            ],
            [
              121.106978,
              14.5788315
            ],
            [
              121.1073624,
              14.5788909
            ],
            [
              121.1078088,
              14.5790032
            ],
            [
              121.1080687,
              14.5790904
            ],
            [
              121.1083613,
              14.5793694
            ],
            [
              121.1085915,
              14.5797079
            ],
            [
              121.1088241,
              14.5802508
            ],
            [
              121.1091205,
              14.581177
            ],
            [
              121.1089075,
              14.581592
            ],
            [
              121.1090439,
              14.5821234
            ],
            [
              121.1090908,
              14.582348
            ],
            [
              121.1090266,
              14.5826701
            ],
            [
              121.10869,
              14.5827926
            ],
            [
              121.1086584,
              14.5830907
            ],
            [
              121.1084409,
              14.5832983
            ],
            [
              121.1084005,
              14.5834695
            ],
            [
              121.1083754,
              14.5837412
            ],
            [
              121.1082934,
              14.5837956
            ],
            [
              121.1081808,
              14.5838964
            ],
            [
              121.1081791,
              14.5840089
            ],
            [
              121.1082694,
              14.5841728
            ],
            [
              121.1081989,
              14.5843947
            ],
            [
              121.1082507,
              14.5849228
            ],
            [
              121.1083954,
              14.585438
            ],
            [
              121.108251,
              14.5857296
            ],
            [
              121.1084205,
              14.586138
            ],
            [
              121.1085387,
              14.5867386
            ],
            [
              121.1084874,
              14.586805
            ],
            [
              121.1084387,
              14.5869635
            ],
            [
              121.1083586,
              14.5871533
            ],
            [
              121.1084009,
              14.587283
            ],
            [
              121.1085294,
              14.5874507
            ],
            [
              121.1085928,
              14.5876213
            ],
            [
              121.1086689,
              14.5877365
            ],
            [
              121.1087419,
              14.5878347
            ],
            [
              121.1089245,
              14.5882038
            ],
            [
              121.1090121,
              14.5883939
            ],
            [
              121.1090914,
              14.5885308
            ],
            [
              121.1091755,
              14.5886151
            ],
            [
              121.1092478,
              14.5887028
            ],
            [
              121.1093145,
              14.5888283
            ],
            [
              121.1093541,
              14.5889153
            ],
            [
              121.1094443,
              14.5891134
            ],
            [
              121.1099544,
              14.5900719
            ],
            [
              121.1106281,
              14.5906235
            ],
            [
              121.1107517,
              14.5906784
            ],
            [
              121.1108092,
              14.5908457
            ],
            [
              121.1109938,
              14.591006
            ],
            [
              121.1110273,
              14.5910769
            ],
            [
              121.1109495,
              14.5913346
            ],
            [
              121.1105981,
              14.5921318
            ],
            [
              121.1103845,
              14.5927062
            ],
            [
              121.1103306,
              14.592885
            ],
            [
              121.1103161,
              14.5930397
            ],
            [
              121.1103363,
              14.5934305
            ],
            [
              121.1103043,
              14.5941063
            ],
            [
              121.1087942,
              14.5932798
            ],
            [
              121.1084271,
              14.5931151
            ],
            [
              121.1079016,
              14.5939906
            ],
            [
              121.1075029,
              14.5938033
            ],
            [
              121.1074693,
              14.5938474
            ],
            [
              121.1073289,
              14.5940001
            ],
            [
              121.1071466,
              14.5946862
            ],
            [
              121.1068716,
              14.5946049
            ],
            [
              121.1064907,
              14.5949431
            ],
            [
              121.1059659,
              14.5954559
            ],
            [
              121.1057001,
              14.5956295
            ],
            [
              121.1053656,
              14.5956929
            ],
            [
              121.1052592,
              14.5957502
            ],
            [
              121.1051504,
              14.5958363
            ],
            [
              121.1048862,
              14.5959295
            ],
            [
              121.1042907,
              14.5961447
            ],
            [
              121.1037078,
              14.5966033
            ],
            [
              121.1029354,
              14.5974769
            ],
            [
              121.102999,
              14.5977182
            ],
            [
              121.1034621,
              14.6004132
            ],
            [
              121.1042795,
              14.6002399
            ],
            [
              121.1043837,
              14.6005527
            ],
            [
              121.1052132,
              14.6006203
            ],
            [
              121.1058252,
              14.6008033
            ],
            [
              121.1055923,
              14.6014248
            ],
            [
              121.1054542,
              14.6018312
            ],
            [
              121.105565,
              14.6018787
            ],
            [
              121.1056028,
              14.6019098
            ],
            [
              121.1056213,
              14.6021147
            ],
            [
              121.1055158,
              14.6023722
            ],
            [
              121.1056005,
              14.6027362
            ],
            [
              121.1057093,
              14.6032025
            ],
            [
              121.1057649,
              14.6034423
            ],
            [
              121.1056377,
              14.603641
            ],
            [
              121.1055937,
              14.6037916
            ],
            [
              121.1053,
              14.6046765
            ],
            [
              121.1050227,
              14.6055832
            ],
            [
              121.1046761,
              14.6067866
            ],
            [
              121.1041195,
              14.608599
            ],
            [
              121.1031284,
              14.6119393
            ],
            [
              121.1026981,
              14.6133856
            ],
            [
              121.1026702,
              14.6134751
            ],
            [
              121.1020714,
              14.6152548
            ],
            [
              121.1019376,
              14.6156802
            ],
            [
              121.1018279,
              14.6160696
            ],
            [
              121.101194,
              14.6162278
            ],
            [
              121.1004373,
              14.6163571
            ],
            [
              121.0998531,
              14.6164512
            ],
            [
              121.0987089,
              14.6166237
            ],
            [
              121.0987786,
              14.6171319
            ],
            [
              121.0985339,
              14.6171667
            ],
            [
              121.0986118,
              14.617729
            ],
            [
              121.0986169,
              14.6179202
            ],
            [
              121.0987248,
              14.6188825
            ],
            [
              121.0991435,
              14.6188537
            ],
            [
              121.099335,
              14.6188375
            ],
            [
              121.1004122,
              14.6187113
            ],
            [
              121.1007347,
              14.6186764
            ],
            [
              121.1007918,
              14.6186705
            ],
            [
              121.1009287,
              14.6186568
            ],
            [
              121.1009467,
              14.6187878
            ],
            [
              121.1010166,
              14.6194401
            ],
            [
              121.1011321,
              14.6203623
            ],
            [
              121.0999802,
              14.6205704
            ],
            [
              121.0996073,
              14.6206288
            ],
            [
              121.0987182,
              14.6207261
            ],
            [
              121.0983577,
              14.6207339
            ],
            [
              121.0978672,
              14.6207997
            ],
            [
              121.0973905,
              14.6208635
            ],
            [
              121.0971322,
              14.620893
            ],
            [
              121.094253,
              14.6212606
            ],
            [
              121.0926899,
              14.6214192
            ],
            [
              121.0926284,
              14.6214283
            ],
            [
              121.0924174,
              14.6214368
            ],
            [
              121.0921613,
              14.6214793
            ],
            [
              121.0917667,
              14.6215194
            ],
            [
              121.090954,
              14.621621
            ],
            [
              121.0904904,
              14.6217001
            ],
            [
              121.0901594,
              14.621736
            ],
            [
              121.0896057,
              14.6217845
            ],
            [
              121.0892542,
              14.621822
            ],
            [
              121.0889978,
              14.6218634
            ],
            [
              121.0887502,
              14.6218557
            ],
            [
              121.0885819,
              14.6218506
            ],
            [
              121.0885943,
              14.6222985
            ],
            [
              121.0866902,
              14.6224706
            ],
            [
              121.0865757,
              14.622053
            ],
            [
              121.0855325,
              14.6222901
            ],
            [
              121.085385,
              14.6224463
            ],
            [
              121.0852907,
              14.6225258
            ],
            [
              121.0852594,
              14.6225575
            ],
            [
              121.0842508,
              14.6235138
            ],
            [
              121.0840893,
              14.6233419
            ],
            [
              121.0835654,
              14.6225052
            ],
            [
              121.0833676,
              14.6220226
            ],
            [
              121.0831408,
              14.621478
            ],
            [
              121.0823618,
              14.6198617
            ],
            [
              121.0812353,
              14.6203291
            ],
            [
              121.0808495,
              14.6198871
            ],
            [
              121.0803899,
              14.6195474
            ],
            [
              121.0801964,
              14.6194061
            ],
            [
              121.0798534,
              14.619101
            ],
            [
              121.0791481,
              14.6181112
            ],
            [
              121.0788822,
              14.6177381
            ],
            [
              121.0786891,
              14.6173291
            ],
            [
              121.0784541,
              14.616765
            ],
            [
              121.078399,
              14.6160455
            ],
            [
              121.0784392,
              14.6155269
            ],
            [
              121.0788997,
              14.6141584
            ],
            [
              121.079012,
              14.6138249
            ],
            [
              121.0799561,
              14.6124462
            ],
            [
              121.0810672,
              14.6115981
            ],
            [
              121.082733,
              14.6104304
            ],
            [
              121.0846661,
              14.6090753
            ],
            [
              121.0866938,
              14.6076539
            ],
            [
              121.0869916,
              14.607435
            ],
            [
              121.0873671,
              14.6069989
            ],
            [
              121.0876246,
              14.6066771
            ],
            [
              121.0880242,
              14.6060925
            ],
            [
              121.0883546,
              14.6054058
            ],
            [
              121.0889512,
              14.6041655
            ],
            [
              121.0900155,
              14.6024379
            ],
            [
              121.0904275,
              14.6011754
            ],
            [
              121.0904543,
              14.6001564
            ],
            [
              121.0902434,
              14.5996752
            ],
            [
              121.0900354,
              14.5993213
            ],
            [
              121.0892784,
              14.5991854
            ],
            [
              121.0885861,
              14.5991661
            ],
            [
              121.0879788,
              14.5994192
            ],
            [
              121.0874234,
              14.6003282
            ],
            [
              121.0870479,
              14.6014334
            ],
            [
              121.0863878,
              14.6022288
            ],
            [
              121.0856732,
              14.6028411
            ],
            [
              121.0846416,
              14.6033011
            ],
            [
              121.083786,
              14.6033745
            ],
            [
              121.0832517,
              14.6032684
            ],
            [
              121.0828519,
              14.6030984
            ],
            [
              121.0824594,
              14.6026332
            ],
            [
              121.0823594,
              14.6023855
            ],
            [
              121.0823531,
              14.6017929
            ],
            [
              121.082531,
              14.5989494
            ],
            [
              121.0824407,
              14.5972293
            ],
            [
              121.0823855,
              14.596288
            ],
            [
              121.0823165,
              14.5951453
            ],
            [
              121.0825605,
              14.5933792
            ],
            [
              121.0827285,
              14.5921634
            ],
            [
              121.0830518,
              14.5903997
            ],
            [
              121.0826503,
              14.5905369
            ],
            [
              121.0799433,
              14.5915772
            ],
            [
              121.0798384,
              14.5916175
            ],
            [
              121.0797276,
              14.5916496
            ],
            [
              121.0796285,
              14.5916782
            ],
            [
              121.0785544,
              14.5920822
            ],
            [
              121.07788,
              14.5923335
            ],
            [
              121.0774771,
              14.5924751
            ],
            [
              121.0760398,
              14.5926956
            ],
            [
              121.0738133,
              14.5930164
            ],
            [
              121.0723414,
              14.5932389
            ],
            [
              121.0706848,
              14.593464
            ],
            [
              121.0704484,
              14.5934856
            ],
            [
              121.0698755,
              14.5933839
            ],
            [
              121.0695316,
              14.5930667
            ],
            [
              121.0680469,
              14.5919521
            ],
            [
              121.0617941,
              14.5905758
            ],
            [
              121.0616432,
              14.5905503
            ],
            [
              121.0614237,
              14.5904899
            ],
            [
              121.0596451,
              14.5900235
            ],
            [
              121.0596639,
              14.5891383
            ],
            [
              121.0597065,
              14.5883429
            ],
            [
              121.0599345,
              14.5844152
            ],
            [
              121.0599484,
              14.5841606
            ],
            [
              121.0600062,
              14.5831522
            ],
            [
              121.0600129,
              14.5830715
            ],
            [
              121.0600702,
              14.5818923
            ],
            [
              121.0600581,
              14.5818085
            ],
            [
              121.06003,
              14.5817414
            ],
            [
              121.0600006,
              14.5816858
            ],
            [
              121.0599113,
              14.581562
            ],
            [
              121.0597493,
              14.5813616
            ],
            [
              121.0594721,
              14.580998
            ],
            [
              121.0589223,
              14.5803049
            ],
            [
              121.058718,
              14.5800473
            ],
            [
              121.0573327,
              14.5782853
            ],
            [
              121.0572369,
              14.5781677
            ],
            [
              121.0562414,
              14.5768187
            ],
            [
              121.0560667,
              14.574069
            ],
            [
              121.0562254,
              14.5731953
            ],
            [
              121.0560011,
              14.5730913
            ],
            [
              121.0552759,
              14.5727956
            ],
            [
              121.0552489,
              14.5727847
            ],
            [
              121.0552034,
              14.5727663
            ],
            [
              121.054766,
              14.5725786
            ],
            [
              121.0545931,
              14.5725044
            ],
            [
              121.0546825,
              14.5723509
            ],
            [
              121.0548313,
              14.5720667
            ],
            [
              121.0550472,
              14.5717158
            ],
            [
              121.0550771,
              14.5716679
            ],
            [
              121.0550346,
              14.5716424
            ],
            [
              121.0543706,
              14.571241
            ],
            [
              121.0537472,
              14.5708877
            ],
            [
              121.0530588,
              14.5704811
            ],
            [
              121.0529129,
              14.5707265
            ],
            [
              121.0525736,
              14.5705334
            ],
            [
              121.0522986,
              14.5703847
            ],
            [
              121.0522808,
              14.5702682
            ],
            [
              121.0522499,
              14.5701462
            ],
            [
              121.0522103,
              14.5700149
            ],
            [
              121.0521209,
              14.5696857
            ],
            [
              121.0519378,
              14.5690449
            ],
            [
              121.0519148,
              14.5689795
            ],
            [
              121.0518364,
              14.5687588
            ],
            [
              121.0518149,
              14.5687108
            ],
            [
              121.0517946,
              14.5686341
            ],
            [
              121.0517477,
              14.5685092
            ],
            [
              121.0517204,
              14.5684212
            ],
            [
              121.0517068,
              14.5683711
            ],
            [
              121.0515762,
              14.567896
            ],
            [
              121.0520715,
              14.5675983
            ],
            [
              121.0529018,
              14.5670806
            ],
            [
              121.0536044,
              14.5666185
            ],
            [
              121.0548229,
              14.5658749
            ],
            [
              121.0553692,
              14.5656936
            ],
            [
              121.0558247,
              14.5655935
            ],
            [
              121.0569086,
              14.5653426
            ],
            [
              121.058241,
              14.5650336
            ],
            [
              121.0583484,
              14.5649752
            ],
            [
              121.0597516,
              14.5642112
            ],
            [
              121.0616999,
              14.5624085
            ],
            [
              121.0626956,
              14.561611
            ],
            [
              121.0640479,
              14.561131
            ],
            [
              121.0649436,
              14.5609792
            ],
            [
              121.0657254,
              14.5608467
            ],
            [
              121.0661892,
              14.5605747
            ],
            [
              121.066395,
              14.5604251
            ],
            [
              121.066786,
              14.5597138
            ],
            [
              121.0669318,
              14.5590928
            ],
            [
              121.0669179,
              14.5583764
            ],
            [
              121.0669281,
              14.5577153
            ],
            [
              121.0666671,
              14.5575046
            ],
            [
              121.0664687,
              14.5572337
            ],
            [
              121.0662535,
              14.556714
            ],
            [
              121.0660029,
              14.5564368
            ],
            [
              121.0658755,
              14.5562917
            ],
            [
              121.0656586,
              14.5559874
            ],
            [
              121.0655358,
              14.5557235
            ],
            [
              121.0653722,
              14.5552207
            ],
            [
              121.0648922,
              14.554088
            ],
            [
              121.0646177,
              14.5534831
            ],
            [
              121.0644329,
              14.5526178
            ],
            [
              121.0644663,
              14.5526079
            ],
            [
              121.0654507,
              14.5526222
            ],
            [
              121.0657611,
              14.5526427
            ],
            [
              121.0660746,
              14.5526676
            ],
            [
              121.0661242,
              14.5529692
            ],
            [
              121.0661985,
              14.5534243
            ],
            [
              121.0664719,
              14.5533936
            ],
            [
              121.0667973,
              14.5533258
            ],
            [
              121.0669387,
              14.5532932
            ],
            [
              121.067163,
              14.5532633
            ],
            [
              121.0677914,
              14.5531883
            ],
            [
              121.068224,
              14.5531253
            ],
            [
              121.0683745,
              14.5530237
            ],
            [
              121.0684085,
              14.5525566
            ],
            [
              121.0691503,
              14.5527682
            ],
            [
              121.0695762,
              14.5528883
            ],
            [
              121.0698648,
              14.5529848
            ],
            [
              121.0701762,
              14.5517637
            ],
            [
              121.0706166,
              14.5518201
            ],
            [
              121.0706774,
              14.551708
            ],
            [
              121.0709798,
              14.5514843
            ],
            [
              121.0715139,
              14.5521687
            ],
            [
              121.0719333,
              14.5518762
            ],
            [
              121.0720971,
              14.5520843
            ],
            [
              121.0727411,
              14.5528432
            ],
            [
              121.072756,
              14.5528339
            ],
            [
              121.0736351,
              14.552211
            ],
            [
              121.0737231,
              14.5519955
            ],
            [
              121.0736776,
              14.5519755
            ],
            [
              121.0737537,
              14.5518577
            ],
            [
              121.0738398,
              14.5517206
            ],
            [
              121.0741395,
              14.5514457
            ],
            [
              121.07423,
              14.5513747
            ],
            [
              121.0744669,
              14.5516035
            ],
            [
              121.074723,
              14.5514569
            ],
            [
              121.0761151,
              14.550928
            ],
            [
              121.0763292,
              14.5508622
            ],
            [
              121.0776024,
              14.5508431
            ],
            [
              121.0778043,
              14.5500363
            ],
            [
              121.0780016,
              14.5500687
            ],
            [
              121.0781965,
              14.5500946
            ],
            [
              121.0781188,
              14.5493876
            ],
            [
              121.078092,
              14.5492826
            ],
            [
              121.0780598,
              14.5490587
            ],
            [
              121.0780345,
              14.5486967
            ],
            [
              121.0782403,
              14.5486844
            ],
            [
              121.0785275,
              14.5486476
            ],
            [
              121.0785007,
              14.5484817
            ],
            [
              121.0784422,
              14.5483256
            ],
            [
              121.0784336,
              14.54802
            ],
            [
              121.0784199,
              14.5479782
            ],
            [
              121.0781433,
              14.5471336
            ],
            [
              121.0783168,
              14.5470718
            ],
            [
              121.0787123,
              14.5469718
            ],
            [
              121.0791187,
              14.5468939
            ],
            [
              121.0798222,
              14.5466714
            ],
            [
              121.0800749,
              14.5467238
            ],
            [
              121.0803217,
              14.5468017
            ],
            [
              121.080606,
              14.5469497
            ],
            [
              121.0808693,
              14.5469848
            ],
            [
              121.0810743,
              14.547543
            ],
            [
              121.0819508,
              14.5474494
            ],
            [
              121.0821096,
              14.547414
            ],
            [
              121.0846267,
              14.5470626
            ]
          ]
        ]
      },
      "id": "relation/131703"
    },
    {
      "type": "Feature",
      "properties": {
        "@id": "relation/146949",
        "admin_level": "6",
        "border_type": "highly_urbanized_city",
        "boundary": "administrative",
        "name": "Marikina",
        "name:en": "Marikina",
        "name:es": "Mariquina",
        "name:ja": "マリキナ",
        "name:ko": "마리키나",
        "name:ru": "Марикина",
        "name:tl": "Marikina",
        "name:zh": "馬利金納",
        "name:zh-Hant": "馬利金納",
        "official_name": "City of Marikina",
        "official_name:en": "City of Marikina",
        "official_name:tl": "Lungsod ng Marikina",
        "old_ref": "137402000",
        "population": "471323",
        "population:date": "2024-07-01",
        "ref": "1380700000",
        "type": "boundary",
        "website": "https://www.marikina.gov.ph/",
        "wikidata": "Q17175",
        "wikimedia_commons": "Category:Marikina",
        "wikipedia": "en:Marikina"
      },
      "geometry": {
        "type": "Polygon",
        "coordinates": [
          [
            [
              121.1202293,
              14.6687475
            ],
            [
              121.1201048,
              14.6689639
            ],
            [
              121.1200846,
              14.669058
            ],
            [
              121.1200721,
              14.6692314
            ],
            [
              121.1200928,
              14.6693875
            ],
            [
              121.1201872,
              14.6696304
            ],
            [
              121.1203288,
              14.6699327
            ],
            [
              121.1204167,
              14.6702428
            ],
            [
              121.1204503,
              14.6704323
            ],
            [
              121.1204257,
              14.6705457
            ],
            [
              121.1203015,
              14.6706913
            ],
            [
              121.120186,
              14.6708406
            ],
            [
              121.1200315,
              14.6710058
            ],
            [
              121.1198666,
              14.6712521
            ],
            [
              121.1198496,
              14.671327
            ],
            [
              121.1198399,
              14.6713687
            ],
            [
              121.1195591,
              14.6717952
            ],
            [
              121.1193191,
              14.6722589
            ],
            [
              121.1192572,
              14.6723396
            ],
            [
              121.1191815,
              14.6723837
            ],
            [
              121.1189966,
              14.672437
            ],
            [
              121.1187939,
              14.6724369
            ],
            [
              121.118281,
              14.6723003
            ],
            [
              121.1176504,
              14.672091
            ],
            [
              121.1173273,
              14.67191
            ],
            [
              121.117268,
              14.6719103
            ],
            [
              121.1171706,
              14.6719723
            ],
            [
              121.1170493,
              14.6720943
            ],
            [
              121.1168904,
              14.6722805
            ],
            [
              121.1168165,
              14.6726367
            ],
            [
              121.1167958,
              14.6730031
            ],
            [
              121.1166517,
              14.6733867
            ],
            [
              121.1165524,
              14.6735254
            ],
            [
              121.1162659,
              14.6738664
            ],
            [
              121.1161071,
              14.6739709
            ],
            [
              121.1159295,
              14.6740089
            ],
            [
              121.1155589,
              14.6740025
            ],
            [
              121.1150917,
              14.6738639
            ],
            [
              121.1146919,
              14.6736559
            ],
            [
              121.1146302,
              14.6735872
            ],
            [
              121.1145929,
              14.6734931
            ],
            [
              121.1146175,
              14.6733767
            ],
            [
              121.1147439,
              14.67316
            ],
            [
              121.1152189,
              14.6727183
            ],
            [
              121.1152801,
              14.6725824
            ],
            [
              121.11523,
              14.6724071
            ],
            [
              121.1150413,
              14.6721701
            ],
            [
              121.1147981,
              14.6720271
            ],
            [
              121.1142788,
              14.6718327
            ],
            [
              121.1137561,
              14.671716
            ],
            [
              121.1133069,
              14.671734
            ],
            [
              121.1131835,
              14.6717619
            ],
            [
              121.1130459,
              14.6718241
            ],
            [
              121.1126198,
              14.6723063
            ],
            [
              121.112438,
              14.6725634
            ],
            [
              121.1123439,
              14.6727075
            ],
            [
              121.1122635,
              14.6728003
            ],
            [
              121.1121579,
              14.6728696
            ],
            [
              121.1120614,
              14.6729001
            ],
            [
              121.1119521,
              14.6728982
            ],
            [
              121.1117879,
              14.6728558
            ],
            [
              121.1115227,
              14.6726747
            ],
            [
              121.1113861,
              14.672539
            ],
            [
              121.1113639,
              14.672358
            ],
            [
              121.1115946,
              14.6716803
            ],
            [
              121.1118185,
              14.6712818
            ],
            [
              121.111806,
              14.670875
            ],
            [
              121.1117253,
              14.6706773
            ],
            [
              121.1115793,
              14.6704511
            ],
            [
              121.1111426,
              14.6700626
            ],
            [
              121.1107881,
              14.6699901
            ],
            [
              121.1103497,
              14.6700263
            ],
            [
              121.109958,
              14.670343
            ],
            [
              121.1098272,
              14.6705056
            ],
            [
              121.109754,
              14.6706505
            ],
            [
              121.1097384,
              14.6709124
            ],
            [
              121.1098395,
              14.6713371
            ],
            [
              121.1105403,
              14.6727291
            ],
            [
              121.1105497,
              14.6727924
            ],
            [
              121.1104521,
              14.6729642
            ],
            [
              121.1102165,
              14.673209
            ],
            [
              121.1098669,
              14.6734556
            ],
            [
              121.1087853,
              14.6742424
            ],
            [
              121.108541,
              14.6744485
            ],
            [
              121.1082893,
              14.6746547
            ],
            [
              121.1075156,
              14.6751222
            ],
            [
              121.1071204,
              14.6753545
            ],
            [
              121.1066178,
              14.6757895
            ],
            [
              121.105877,
              14.6752513
            ],
            [
              121.1050187,
              14.6744874
            ],
            [
              121.1036883,
              14.6727604
            ],
            [
              121.103246,
              14.6723195
            ],
            [
              121.1002379,
              14.6700618
            ],
            [
              121.0993176,
              14.6692092
            ],
            [
              121.0991505,
              14.6688157
            ],
            [
              121.0989231,
              14.66828
            ],
            [
              121.0987592,
              14.6678005
            ],
            [
              121.0986737,
              14.6673511
            ],
            [
              121.0986873,
              14.6671562
            ],
            [
              121.0988218,
              14.6670317
            ],
            [
              121.0988701,
              14.6668294
            ],
            [
              121.0988355,
              14.666584
            ],
            [
              121.0987418,
              14.6661076
            ],
            [
              121.0983993,
              14.6651508
            ],
            [
              121.098272,
              14.6648377
            ],
            [
              121.0980536,
              14.6642888
            ],
            [
              121.0979135,
              14.6640424
            ],
            [
              121.0977901,
              14.6637829
            ],
            [
              121.0967374,
              14.6642299
            ],
            [
              121.0966408,
              14.6645002
            ],
            [
              121.0965238,
              14.6645363
            ],
            [
              121.096494,
              14.6646002
            ],
            [
              121.0964764,
              14.6648531
            ],
            [
              121.0963356,
              14.664908
            ],
            [
              121.0961861,
              14.6648805
            ],
            [
              121.0956829,
              14.6652424
            ],
            [
              121.0952371,
              14.6652695
            ],
            [
              121.095218,
              14.6652617
            ],
            [
              121.0951488,
              14.6652335
            ],
            [
              121.0948585,
              14.6649347
            ],
            [
              121.0941136,
              14.6646918
            ],
            [
              121.0938826,
              14.6645004
            ],
            [
              121.0936995,
              14.6643486
            ],
            [
              121.0936321,
              14.6639892
            ],
            [
              121.0935248,
              14.6634173
            ],
            [
              121.0920319,
              14.6617729
            ],
            [
              121.0914765,
              14.6609324
            ],
            [
              121.0911456,
              14.6605249
            ],
            [
              121.0912009,
              14.6596216
            ],
            [
              121.0882081,
              14.6566672
            ],
            [
              121.0874608,
              14.6573361
            ],
            [
              121.0867891,
              14.6566853
            ],
            [
              121.0865123,
              14.6557911
            ],
            [
              121.0859908,
              14.6562612
            ],
            [
              121.0857081,
              14.6554682
            ],
            [
              121.0854564,
              14.6547612
            ],
            [
              121.0861472,
              14.6545518
            ],
            [
              121.0857806,
              14.6532691
            ],
            [
              121.0857761,
              14.6529528
            ],
            [
              121.0858927,
              14.6527812
            ],
            [
              121.0866746,
              14.652202
            ],
            [
              121.0874307,
              14.651506
            ],
            [
              121.0874186,
              14.651271
            ],
            [
              121.0867363,
              14.6514588
            ],
            [
              121.0865934,
              14.6514982
            ],
            [
              121.0868934,
              14.6493282
            ],
            [
              121.0877308,
              14.6489835
            ],
            [
              121.0877901,
              14.6485394
            ],
            [
              121.0895925,
              14.646864
            ],
            [
              121.0889727,
              14.6464517
            ],
            [
              121.0882268,
              14.6459437
            ],
            [
              121.0878872,
              14.6458947
            ],
            [
              121.0875442,
              14.6458453
            ],
            [
              121.0876126,
              14.6453564
            ],
            [
              121.0876805,
              14.6448716
            ],
            [
              121.0873794,
              14.644818
            ],
            [
              121.0870707,
              14.6447519
            ],
            [
              121.0863634,
              14.644596
            ],
            [
              121.0857192,
              14.6444544
            ],
            [
              121.0856666,
              14.644422
            ],
            [
              121.0856328,
              14.6443841
            ],
            [
              121.0856098,
              14.6443397
            ],
            [
              121.0853961,
              14.6437005
            ],
            [
              121.0850099,
              14.6436198
            ],
            [
              121.0847817,
              14.6435815
            ],
            [
              121.0846987,
              14.6435798
            ],
            [
              121.0846143,
              14.6435892
            ],
            [
              121.0845527,
              14.643604
            ],
            [
              121.0844846,
              14.643628
            ],
            [
              121.0837125,
              14.6439275
            ],
            [
              121.0835988,
              14.6439511
            ],
            [
              121.083191,
              14.6439884
            ],
            [
              121.0831645,
              14.6436992
            ],
            [
              121.0831803,
              14.6433858
            ],
            [
              121.0823549,
              14.6424372
            ],
            [
              121.0822937,
              14.6419772
            ],
            [
              121.0824574,
              14.6413518
            ],
            [
              121.0823287,
              14.6410846
            ],
            [
              121.0823068,
              14.640833
            ],
            [
              121.0819886,
              14.6401248
            ],
            [
              121.0817834,
              14.6400111
            ],
            [
              121.0814819,
              14.6395869
            ],
            [
              121.0814591,
              14.6391565
            ],
            [
              121.0809909,
              14.638754
            ],
            [
              121.0807133,
              14.6384576
            ],
            [
              121.0811626,
              14.638401
            ],
            [
              121.0816883,
              14.6383388
            ],
            [
              121.0819852,
              14.6383165
            ],
            [
              121.0819219,
              14.6379116
            ],
            [
              121.0818386,
              14.6373806
            ],
            [
              121.0817386,
              14.6369035
            ],
            [
              121.0813323,
              14.636861
            ],
            [
              121.0808709,
              14.6368195
            ],
            [
              121.0806778,
              14.6365807
            ],
            [
              121.0806885,
              14.6362589
            ],
            [
              121.0803023,
              14.635823
            ],
            [
              121.0799697,
              14.6355115
            ],
            [
              121.0797189,
              14.6346416
            ],
            [
              121.0802379,
              14.6345357
            ],
            [
              121.0799374,
              14.6339782
            ],
            [
              121.0795619,
              14.6336149
            ],
            [
              121.0787821,
              14.6333002
            ],
            [
              121.0783354,
              14.6331595
            ],
            [
              121.0781921,
              14.6331024
            ],
            [
              121.0781852,
              14.6327038
            ],
            [
              121.0777695,
              14.6328058
            ],
            [
              121.0777259,
              14.6325722
            ],
            [
              121.0777748,
              14.6324289
            ],
            [
              121.0776147,
              14.6322159
            ],
            [
              121.0775373,
              14.6316817
            ],
            [
              121.077469,
              14.6314838
            ],
            [
              121.0774626,
              14.6309563
            ],
            [
              121.0771695,
              14.6303523
            ],
            [
              121.0769013,
              14.6296256
            ],
            [
              121.0758175,
              14.629031
            ],
            [
              121.0751483,
              14.628847
            ],
            [
              121.0743739,
              14.6286311
            ],
            [
              121.0743718,
              14.6283908
            ],
            [
              121.0744536,
              14.6279073
            ],
            [
              121.0747689,
              14.6264184
            ],
            [
              121.075037,
              14.6252375
            ],
            [
              121.0750843,
              14.6249965
            ],
            [
              121.0751135,
              14.6247014
            ],
            [
              121.0752906,
              14.6239809
            ],
            [
              121.0750915,
              14.6237732
            ],
            [
              121.0758256,
              14.623032
            ],
            [
              121.0759409,
              14.6228017
            ],
            [
              121.0764557,
              14.6218147
            ],
            [
              121.0765189,
              14.6213886
            ],
            [
              121.0765039,
              14.6208781
            ],
            [
              121.0762267,
              14.6203305
            ],
            [
              121.0758218,
              14.6195429
            ],
            [
              121.0779778,
              14.6182727
            ],
            [
              121.0781009,
              14.6182005
            ],
            [
              121.0781522,
              14.6181704
            ],
            [
              121.0782067,
              14.6181381
            ],
            [
              121.0788822,
              14.6177381
            ],
            [
              121.0791481,
              14.6181112
            ],
            [
              121.0798534,
              14.619101
            ],
            [
              121.0801964,
              14.6194061
            ],
            [
              121.0803899,
              14.6195474
            ],
            [
              121.0808495,
              14.6198871
            ],
            [
              121.0812353,
              14.6203291
            ],
            [
              121.0823618,
              14.6198617
            ],
            [
              121.0831408,
              14.621478
            ],
            [
              121.0833676,
              14.6220226
            ],
            [
              121.0835654,
              14.6225052
            ],
            [
              121.0840893,
              14.6233419
            ],
            [
              121.0842508,
              14.6235138
            ],
            [
              121.0852594,
              14.6225575
            ],
            [
              121.0852907,
              14.6225258
            ],
            [
              121.085385,
              14.6224463
            ],
            [
              121.0855325,
              14.6222901
            ],
            [
              121.0865757,
              14.622053
            ],
            [
              121.0866902,
              14.6224706
            ],
            [
              121.0885943,
              14.6222985
            ],
            [
              121.0885819,
              14.6218506
            ],
            [
              121.0887502,
              14.6218557
            ],
            [
              121.0889978,
              14.6218634
            ],
            [
              121.0892542,
              14.621822
            ],
            [
              121.0896057,
              14.6217845
            ],
            [
              121.0901594,
              14.621736
            ],
            [
              121.0904904,
              14.6217001
            ],
            [
              121.090954,
              14.621621
            ],
            [
              121.0917667,
              14.6215194
            ],
            [
              121.0921613,
              14.6214793
            ],
            [
              121.0924174,
              14.6214368
            ],
            [
              121.0926284,
              14.6214283
            ],
            [
              121.0926899,
              14.6214192
            ],
            [
              121.094253,
              14.6212606
            ],
            [
              121.0971322,
              14.620893
            ],
            [
              121.0973905,
              14.6208635
            ],
            [
              121.0978672,
              14.6207997
            ],
            [
              121.0983577,
              14.6207339
            ],
            [
              121.0987182,
              14.6207261
            ],
            [
              121.0996073,
              14.6206288
            ],
            [
              121.0999802,
              14.6205704
            ],
            [
              121.1011321,
              14.6203623
            ],
            [
              121.1023885,
              14.6202908
            ],
            [
              121.1032228,
              14.6201788
            ],
            [
              121.104626,
              14.6200184
            ],
            [
              121.1050308,
              14.6199818
            ],
            [
              121.1062307,
              14.6198787
            ],
            [
              121.1061877,
              14.6200115
            ],
            [
              121.1062029,
              14.6202059
            ],
            [
              121.1063567,
              14.6205311
            ],
            [
              121.1063663,
              14.6206137
            ],
            [
              121.1063623,
              14.6206824
            ],
            [
              121.106319,
              14.6209039
            ],
            [
              121.1062325,
              14.6210547
            ],
            [
              121.1061034,
              14.6211228
            ],
            [
              121.1059934,
              14.6211446
            ],
            [
              121.1059222,
              14.6211323
            ],
            [
              121.1058742,
              14.6210972
            ],
            [
              121.1058179,
              14.6210597
            ],
            [
              121.1057299,
              14.6209886
            ],
            [
              121.1056621,
              14.6209422
            ],
            [
              121.1055869,
              14.6209158
            ],
            [
              121.1055109,
              14.6209703
            ],
            [
              121.1053521,
              14.62107
            ],
            [
              121.1051422,
              14.6212985
            ],
            [
              121.1050549,
              14.6214115
            ],
            [
              121.104991,
              14.6215026
            ],
            [
              121.104951,
              14.6215595
            ],
            [
              121.1048568,
              14.621669
            ],
            [
              121.1047067,
              14.6218874
            ],
            [
              121.1046363,
              14.6221029
            ],
            [
              121.1043922,
              14.622461
            ],
            [
              121.1043849,
              14.6225726
            ],
            [
              121.1044249,
              14.6226935
            ],
            [
              121.1045296,
              14.6228051
            ],
            [
              121.1045967,
              14.6228661
            ],
            [
              121.1046538,
              14.622961
            ],
            [
              121.1046336,
              14.6231291
            ],
            [
              121.104635,
              14.623227
            ],
            [
              121.1047649,
              14.6233385
            ],
            [
              121.1048565,
              14.6234703
            ],
            [
              121.1048191,
              14.6236002
            ],
            [
              121.1047308,
              14.6237236
            ],
            [
              121.1046125,
              14.6238446
            ],
            [
              121.1045949,
              14.6239171
            ],
            [
              121.1046325,
              14.6240139
            ],
            [
              121.1046536,
              14.6240851
            ],
            [
              121.1047195,
              14.6241597
            ],
            [
              121.1047349,
              14.6242706
            ],
            [
              121.1046665,
              14.6243257
            ],
            [
              121.1043983,
              14.6244996
            ],
            [
              121.1040849,
              14.6246707
            ],
            [
              121.1039819,
              14.6248119
            ],
            [
              121.1039991,
              14.6250195
            ],
            [
              121.1038887,
              14.6253435
            ],
            [
              121.1039091,
              14.6254739
            ],
            [
              121.1039479,
              14.6255969
            ],
            [
              121.1040668,
              14.6258815
            ],
            [
              121.1041247,
              14.6260446
            ],
            [
              121.1038137,
              14.62684
            ],
            [
              121.1041087,
              14.627008
            ],
            [
              121.1043383,
              14.6272271
            ],
            [
              121.1045686,
              14.6274824
            ],
            [
              121.1046999,
              14.6277248
            ],
            [
              121.1048006,
              14.6280323
            ],
            [
              121.104902,
              14.6283514
            ],
            [
              121.1049519,
              14.6291611
            ],
            [
              121.1049959,
              14.6299342
            ],
            [
              121.1051696,
              14.6300743
            ],
            [
              121.1053695,
              14.6301374
            ],
            [
              121.1054762,
              14.6303872
            ],
            [
              121.1055198,
              14.6309622
            ],
            [
              121.1055688,
              14.6313909
            ],
            [
              121.1057985,
              14.631992
            ],
            [
              121.1057727,
              14.6320916
            ],
            [
              121.1055078,
              14.632362
            ],
            [
              121.1054336,
              14.6326368
            ],
            [
              121.1054168,
              14.6326782
            ],
            [
              121.1055911,
              14.6327855
            ],
            [
              121.1057005,
              14.6328854
            ],
            [
              121.1058414,
              14.6333207
            ],
            [
              121.1059101,
              14.6334536
            ],
            [
              121.1062158,
              14.6338143
            ],
            [
              121.1063726,
              14.6339476
            ],
            [
              121.1065121,
              14.634098
            ],
            [
              121.106619,
              14.6341434
            ],
            [
              121.1066285,
              14.6341601
            ],
            [
              121.107146,
              14.6350647
            ],
            [
              121.1071975,
              14.6352308
            ],
            [
              121.1072834,
              14.6352972
            ],
            [
              121.1073692,
              14.635455
            ],
            [
              121.1077898,
              14.6359782
            ],
            [
              121.1080601,
              14.6362667
            ],
            [
              121.1083412,
              14.6364917
            ],
            [
              121.1083868,
              14.6365123
            ],
            [
              121.1084319,
              14.636527
            ],
            [
              121.1085123,
              14.6365462
            ],
            [
              121.1086035,
              14.6365606
            ],
            [
              121.1086394,
              14.6365632
            ],
            [
              121.108671,
              14.6365626
            ],
            [
              121.1087407,
              14.6365529
            ],
            [
              121.1088174,
              14.6365364
            ],
            [
              121.1091667,
              14.6364593
            ],
            [
              121.1095274,
              14.636383
            ],
            [
              121.109987,
              14.6363187
            ],
            [
              121.1107919,
              14.6359236
            ],
            [
              121.111087,
              14.6359277
            ],
            [
              121.111763,
              14.6361556
            ],
            [
              121.112122,
              14.6362656
            ],
            [
              121.1123266,
              14.6363741
            ],
            [
              121.1129963,
              14.6371255
            ],
            [
              121.1131968,
              14.6374311
            ],
            [
              121.1134374,
              14.6377553
            ],
            [
              121.1135159,
              14.637882
            ],
            [
              121.1136561,
              14.6379644
            ],
            [
              121.1142185,
              14.6380211
            ],
            [
              121.1147486,
              14.6380879
            ],
            [
              121.1149869,
              14.638147
            ],
            [
              121.1153407,
              14.6382832
            ],
            [
              121.115477,
              14.6383357
            ],
            [
              121.1156211,
              14.638365
            ],
            [
              121.1158578,
              14.6382785
            ],
            [
              121.1166389,
              14.6374813
            ],
            [
              121.1169221,
              14.6372239
            ],
            [
              121.1170595,
              14.6370245
            ],
            [
              121.1172397,
              14.6369664
            ],
            [
              121.1182579,
              14.6369073
            ],
            [
              121.1185272,
              14.6368252
            ],
            [
              121.1186559,
              14.6367256
            ],
            [
              121.118659,
              14.636505
            ],
            [
              121.1186071,
              14.6364555
            ],
            [
              121.1186181,
              14.6363049
            ],
            [
              121.1186055,
              14.6361153
            ],
            [
              121.1186069,
              14.6359547
            ],
            [
              121.1186501,
              14.6357897
            ],
            [
              121.1187799,
              14.6356673
            ],
            [
              121.1190602,
              14.6355243
            ],
            [
              121.1192988,
              14.6355282
            ],
            [
              121.1195285,
              14.6355726
            ],
            [
              121.119643,
              14.6356308
            ],
            [
              121.1198619,
              14.6356938
            ],
            [
              121.1200807,
              14.6357041
            ],
            [
              121.1203811,
              14.6356959
            ],
            [
              121.1206558,
              14.6356875
            ],
            [
              121.1207244,
              14.6357373
            ],
            [
              121.1207159,
              14.63592
            ],
            [
              121.1207683,
              14.6359974
            ],
            [
              121.1208834,
              14.6360597
            ],
            [
              121.1209812,
              14.6361636
            ],
            [
              121.1210795,
              14.6363076
            ],
            [
              121.1212265,
              14.6364349
            ],
            [
              121.1213973,
              14.6364597
            ],
            [
              121.1215725,
              14.6363865
            ],
            [
              121.12161,
              14.636351
            ],
            [
              121.1217517,
              14.6362977
            ],
            [
              121.1219284,
              14.6363013
            ],
            [
              121.1222679,
              14.6364015
            ],
            [
              121.1224498,
              14.6365484
            ],
            [
              121.1225626,
              14.6366818
            ],
            [
              121.1226984,
              14.6367534
            ],
            [
              121.1227648,
              14.6368336
            ],
            [
              121.1227388,
              14.6369448
            ],
            [
              121.1226612,
              14.6370762
            ],
            [
              121.1226227,
              14.637182
            ],
            [
              121.1226213,
              14.6372903
            ],
            [
              121.1226642,
              14.6373816
            ],
            [
              121.1227617,
              14.6375312
            ],
            [
              121.1227662,
              14.6376476
            ],
            [
              121.1227566,
              14.637764
            ],
            [
              121.1228167,
              14.6378122
            ],
            [
              121.1229248,
              14.6377928
            ],
            [
              121.1230509,
              14.637786
            ],
            [
              121.1231513,
              14.6377861
            ],
            [
              121.1232908,
              14.6377553
            ],
            [
              121.1234227,
              14.6377315
            ],
            [
              121.1234798,
              14.6377396
            ],
            [
              121.123558,
              14.6377545
            ],
            [
              121.1236389,
              14.6378171
            ],
            [
              121.1236905,
              14.6378449
            ],
            [
              121.1237634,
              14.6378404
            ],
            [
              121.1238229,
              14.637772
            ],
            [
              121.1239337,
              14.6376089
            ],
            [
              121.1240203,
              14.6373983
            ],
            [
              121.1240718,
              14.6373401
            ],
            [
              121.124295,
              14.6368252
            ],
            [
              121.1243953,
              14.6366977
            ],
            [
              121.1244587,
              14.6367012
            ],
            [
              121.1245117,
              14.6366966
            ],
            [
              121.1245611,
              14.6367007
            ],
            [
              121.1246984,
              14.6364266
            ],
            [
              121.1248271,
              14.6364017
            ],
            [
              121.125016,
              14.6362605
            ],
            [
              121.1251276,
              14.6362439
            ],
            [
              121.1251508,
              14.6361812
            ],
            [
              121.1251705,
              14.6361277
            ],
            [
              121.1254344,
              14.6361144
            ],
            [
              121.1257768,
              14.635996
            ],
            [
              121.1269576,
              14.63586
            ],
            [
              121.1272362,
              14.6357701
            ],
            [
              121.1275217,
              14.6356251
            ],
            [
              121.12793,
              14.6352271
            ],
            [
              121.1283337,
              14.6349638
            ],
            [
              121.1286076,
              14.634919
            ],
            [
              121.1289641,
              14.6347745
            ],
            [
              121.1294781,
              14.6343946
            ],
            [
              121.1296932,
              14.6343312
            ],
            [
              121.1298958,
              14.6343573
            ],
            [
              121.1299934,
              14.6344123
            ],
            [
              121.1300777,
              14.6345566
            ],
            [
              121.1301358,
              14.6348282
            ],
            [
              121.130445,
              14.6353983
            ],
            [
              121.1305612,
              14.6357589
            ],
            [
              121.1305187,
              14.6359483
            ],
            [
              121.129662,
              14.6366183
            ],
            [
              121.1294732,
              14.6368527
            ],
            [
              121.1294088,
              14.6381192
            ],
            [
              121.1291315,
              14.6400708
            ],
            [
              121.1285324,
              14.6418608
            ],
            [
              121.1284613,
              14.6426782
            ],
            [
              121.1286325,
              14.6430545
            ],
            [
              121.1292582,
              14.6449971
            ],
            [
              121.1305127,
              14.6485218
            ],
            [
              121.1306812,
              14.6497604
            ],
            [
              121.1308565,
              14.6506637
            ],
            [
              121.131014,
              14.6516763
            ],
            [
              121.1307429,
              14.6517455
            ],
            [
              121.1312375,
              14.6530858
            ],
            [
              121.1316676,
              14.6541782
            ],
            [
              121.1319004,
              14.654082
            ],
            [
              121.1318685,
              14.6538794
            ],
            [
              121.1327161,
              14.6537597
            ],
            [
              121.1332746,
              14.6536181
            ],
            [
              121.133272,
              14.653672
            ],
            [
              121.1332777,
              14.6537209
            ],
            [
              121.1332971,
              14.6537655
            ],
            [
              121.1333196,
              14.6538017
            ],
            [
              121.1333517,
              14.6538334
            ],
            [
              121.1335098,
              14.6539464
            ],
            [
              121.1337847,
              14.6541236
            ],
            [
              121.1341822,
              14.6543798
            ],
            [
              121.1344192,
              14.6545495
            ],
            [
              121.1345651,
              14.6546916
            ],
            [
              121.1346392,
              14.6548501
            ],
            [
              121.134655,
              14.6550556
            ],
            [
              121.1345911,
              14.6553488
            ],
            [
              121.1346116,
              14.6556863
            ],
            [
              121.1346161,
              14.6557603
            ],
            [
              121.134625,
              14.6558873
            ],
            [
              121.1347653,
              14.6565549
            ],
            [
              121.1349506,
              14.6569701
            ],
            [
              121.1349963,
              14.6573188
            ],
            [
              121.1350232,
              14.6575236
            ],
            [
              121.1349772,
              14.6577801
            ],
            [
              121.1348048,
              14.6583397
            ],
            [
              121.1346892,
              14.6587575
            ],
            [
              121.1343869,
              14.6593915
            ],
            [
              121.1341725,
              14.6598098
            ],
            [
              121.1337232,
              14.6605066
            ],
            [
              121.1335078,
              14.6607744
            ],
            [
              121.1332554,
              14.6610125
            ],
            [
              121.1329859,
              14.6614291
            ],
            [
              121.1328047,
              14.6617446
            ],
            [
              121.1327285,
              14.6618903
            ],
            [
              121.132442,
              14.6624383
            ],
            [
              121.1322699,
              14.6627807
            ],
            [
              121.1320669,
              14.6631201
            ],
            [
              121.1319309,
              14.6633978
            ],
            [
              121.131763,
              14.663683
            ],
            [
              121.1312772,
              14.6642283
            ],
            [
              121.1309249,
              14.6646237
            ],
            [
              121.1308148,
              14.6648496
            ],
            [
              121.1307135,
              14.6649537
            ],
            [
              121.1306321,
              14.6651398
            ],
            [
              121.1305907,
              14.6653528
            ],
            [
              121.1305584,
              14.6657585
            ],
            [
              121.1305787,
              14.6662771
            ],
            [
              121.1305851,
              14.6663314
            ],
            [
              121.1306489,
              14.6664113
            ],
            [
              121.1308484,
              14.6666076
            ],
            [
              121.130974,
              14.6667049
            ],
            [
              121.1310173,
              14.6667922
            ],
            [
              121.1310492,
              14.6668712
            ],
            [
              121.1310883,
              14.6670193
            ],
            [
              121.1311762,
              14.6677107
            ],
            [
              121.1311662,
              14.6677865
            ],
            [
              121.1311483,
              14.6678309
            ],
            [
              121.1310755,
              14.6678996
            ],
            [
              121.1309521,
              14.667954
            ],
            [
              121.1307078,
              14.6680233
            ],
            [
              121.1303445,
              14.6681525
            ],
            [
              121.1299812,
              14.6683518
            ],
            [
              121.1299071,
              14.668408
            ],
            [
              121.1298874,
              14.6684944
            ],
            [
              121.1298171,
              14.6685921
            ],
            [
              121.1297335,
              14.6686235
            ],
            [
              121.129586,
              14.6686389
            ],
            [
              121.1293517,
              14.6686486
            ],
            [
              121.1289662,
              14.6687289
            ],
            [
              121.1283873,
              14.6689511
            ],
            [
              121.1280243,
              14.669069
            ],
            [
              121.127672,
              14.6691528
            ],
            [
              121.1274345,
              14.6691768
            ],
            [
              121.1271224,
              14.6692851
            ],
            [
              121.1268696,
              14.6694047
            ],
            [
              121.1265707,
              14.669617
            ],
            [
              121.1263608,
              14.6697347
            ],
            [
              121.1262917,
              14.6697665
            ],
            [
              121.1260542,
              14.6698126
            ],
            [
              121.1257429,
              14.6699443
            ],
            [
              121.1256143,
              14.6700216
            ],
            [
              121.1255662,
              14.6700438
            ],
            [
              121.1255368,
              14.6700509
            ],
            [
              121.1255095,
              14.6700462
            ],
            [
              121.1254754,
              14.6700251
            ],
            [
              121.1254494,
              14.6700011
            ],
            [
              121.1253426,
              14.6698577
            ],
            [
              121.125251,
              14.669748
            ],
            [
              121.1252425,
              14.6697054
            ],
            [
              121.1251802,
              14.669555
            ],
            [
              121.1251422,
              14.6695003
            ],
            [
              121.1251054,
              14.6693943
            ],
            [
              121.1251165,
              14.6692912
            ],
            [
              121.1249485,
              14.6688399
            ],
            [
              121.1246976,
              14.6680729
            ],
            [
              121.1246769,
              14.6680052
            ],
            [
              121.1246671,
              14.6679621
            ],
            [
              121.1246483,
              14.6678981
            ],
            [
              121.1246356,
              14.6678149
            ],
            [
              121.1246541,
              14.6677374
            ],
            [
              121.124674,
              14.6676631
            ],
            [
              121.1246688,
              14.6676013
            ],
            [
              121.1247467,
              14.667578
            ],
            [
              121.1247965,
              14.6675567
            ],
            [
              121.1248641,
              14.6674828
            ],
            [
              121.1249252,
              14.6673763
            ],
            [
              121.1249829,
              14.6673264
            ],
            [
              121.1250926,
              14.6672707
            ],
            [
              121.1251215,
              14.6672227
            ],
            [
              121.1251445,
              14.6671639
            ],
            [
              121.1251588,
              14.6671092
            ],
            [
              121.1251519,
              14.6670553
            ],
            [
              121.125124,
              14.6669653
            ],
            [
              121.1250882,
              14.666919
            ],
            [
              121.1249558,
              14.6668206
            ],
            [
              121.1247805,
              14.666727
            ],
            [
              121.1243107,
              14.6665225
            ],
            [
              121.1241093,
              14.6665163
            ],
            [
              121.1238663,
              14.6665084
            ],
            [
              121.1237595,
              14.6664393
            ],
            [
              121.1231968,
              14.6663307
            ],
            [
              121.1228543,
              14.6662907
            ],
            [
              121.1225782,
              14.6662092
            ],
            [
              121.1223444,
              14.6663141
            ],
            [
              121.1220948,
              14.6664278
            ],
            [
              121.1219146,
              14.6665423
            ],
            [
              121.1215634,
              14.666684
            ],
            [
              121.1214649,
              14.6667607
            ],
            [
              121.1214125,
              14.6668014
            ],
            [
              121.1211774,
              14.6672068
            ],
            [
              121.1210397,
              14.6676189
            ],
            [
              121.1208589,
              14.6679466
            ],
            [
              121.1206458,
              14.6682422
            ],
            [
              121.120424,
              14.6685259
            ],
            [
              121.1202293,
              14.6687475
            ]
          ]
        ]
      },
      "id": "relation/146949"
    },
    {
      "type": "Feature",
      "properties": {
        "@id": "node/14446670",
        "@relations": [
          {
            "role": "label",
            "rel": 106569,
            "reltags": {
              "admin_level": "6",
              "border_type": "highly_urbanized_city",
              "boundary": "administrative",
              "name": "Quezon City",
              "name:ar": "مدينة كيزون",
              "name:fa": "کزون سیتی",
              "name:he": "קואזון סיטי",
              "name:ko": "케손시티",
              "name:ur": "کیزون سٹی",
              "name:zh": "计顺市",
              "population": "2936116",
              "short_name": "QC",
              "short_name:ar": "كيزون",
              "short_name:fa": "کزون",
              "short_name:he": "קואזון",
              "short_name:ur": "کیزون",
              "start_date": "1939-10-12",
              "type": "boundary",
              "website": "https://quezoncity.gov.ph/",
              "wikidata": "Q1475",
              "wikimedia_commons": "Category:Quezon City",
              "wikipedia": "en:Quezon City"
            }
          }
        ]
      },
      "geometry": {
        "type": "Point",
        "coordinates": [
          121.0486254,
          14.6510546
        ]
      },
      "id": "node/14446670"
    },
    {
      "type": "Feature",
      "properties": {
        "@id": "node/198493613",
        "@relations": [
          {
            "role": "label",
            "rel": 103703,
            "reltags": {
              "admin_level": "6",
              "alt_name:en": "City of Manila;Manila City",
              "alt_name:tl": "Lungsod ng Maynila",
              "border_type": "highly_urbanized_city",
              "boundary": "administrative",
              "name": "Manila",
              "name:ace": "Manila",
              "name:af": "Manila",
              "name:als": "Manila",
              "name:am": "ማኒላ",
              "name:an": "Manila",
              "name:ang": "Manila",
              "name:ar": "مانيلا",
              "name:arz": "مانيلا",
              "name:ast": "Manila",
              "name:az": "Manila",
              "name:azb": "مانیل",
              "name:ba": "Манила",
              "name:bcl": "Manila",
              "name:be": "Маніла",
              "name:be-tarask": "Маніла",
              "name:bg": "Манила",
              "name:bn": "ম্যানিলা",
              "name:bo": "མ་ནི་ལ།",
              "name:br": "Manila",
              "name:bs": "Manila",
              "name:bxr": "Манила",
              "name:ca": "Manila",
              "name:cbk-zam": "Manila",
              "name:cdo": "Manila",
              "name:ce": "Манила",
              "name:ceb": "Manila",
              "name:ckb": "مانیلا",
              "name:crh": "Manila",
              "name:cs": "Manila",
              "name:cv": "Манила",
              "name:cy": "Manila",
              "name:da": "Manila",
              "name:de": "Manila",
              "name:diq": "Manila",
              "name:dsb": "Manila",
              "name:dty": "मनिला",
              "name:el": "Μανίλα",
              "name:en": "Manila",
              "name:eo": "Manilo",
              "name:es": "Manila",
              "name:et": "Manila",
              "name:eu": "Manila",
              "name:fa": "مانیل",
              "name:fi": "Manila",
              "name:fo": "Manila",
              "name:fr": "Manille",
              "name:frr": "Manila",
              "name:fy": "Manilla",
              "name:ga": "Mainile",
              "name:gd": "Manila",
              "name:gl": "Manila",
              "name:gu": "મનિલા",
              "name:ha": "Manila",
              "name:hak": "Manila",
              "name:he": "מנילה",
              "name:hi": "मनीला",
              "name:hif": "Manila",
              "name:hr": "Manila",
              "name:hsb": "Manila",
              "name:ht": "Manyl",
              "name:hu": "Manila",
              "name:hy": "Մանիլա",
              "name:hyw": "Մանիլա",
              "name:ia": "Manila",
              "name:id": "Manila",
              "name:ie": "Manila",
              "name:ilo": "Manila",
              "name:io": "Manila",
              "name:is": "Maníla",
              "name:it": "Manila",
              "name:ja": "マニラ",
              "name:jbo": "manilias.",
              "name:jv": "Manila",
              "name:ka": "მანილა",
              "name:kaa": "Manila",
              "name:ki": "Manila",
              "name:kk": "Манила",
              "name:km": "ម៉ានីល",
              "name:kn": "ಮನಿಲ",
              "name:ko": "마닐라",
              "name:ku": "Manîla",
              "name:ky": "Манила",
              "name:la": "Manila",
              "name:lad": "Manila",
              "name:lb": "Manila",
              "name:li": "Manilla",
              "name:lij": "Manilla",
              "name:lmo": "Manila",
              "name:lo": "ມະນິລາ",
              "name:lt": "Manila",
              "name:lv": "Manila",
              "name:mai": "मनिला",
              "name:map-bms": "Manila",
              "name:mg": "Manille",
              "name:mi": "Manira",
              "name:mk": "Манила",
              "name:ml": "മനില",
              "name:mn": "Манила",
              "name:mr": "मनिला",
              "name:ms": "Manila",
              "name:mwl": "Manila",
              "name:my": "မနီလာမြို့",
              "name:na": "Manila",
              "name:nah": "Manillah",
              "name:nan": "Manila",
              "name:nan-Hani": "马尼拉;馬尼拉",
              "name:nan-Hans": "马尼拉",
              "name:nan-Hant": "馬尼拉",
              "name:nan-Latn-pehoeji": "Manila",
              "name:nan-Latn-tailo": "Manila",
              "name:ne": "मनिला",
              "name:new": "मनिला",
              "name:nl": "Manilla",
              "name:nn": "Manila",
              "name:no": "Manila",
              "name:oc": "Manila",
              "name:olo": "Manila",
              "name:or": "ମାନିଲା",
              "name:os": "Манилæ",
              "name:pa": "ਮਨੀਲਾ",
              "name:pag": "Manila",
              "name:pam": "Menila",
              "name:pap": "Manila",
              "name:pcd": "Manille",
              "name:pih": "Manila",
              "name:pl": "Manila",
              "name:pms": "Manila",
              "name:pnb": "منیلا",
              "name:ps": "مانیلا",
              "name:pt": "Manila",
              "name:qu": "Manila",
              "name:ro": "Manila",
              "name:ru": "Манила",
              "name:rw": "Manila",
              "name:sah": "Манила",
              "name:sat": "ᱢᱟᱱᱤᱞᱟ",
              "name:sc": "Manila",
              "name:scn": "Manila",
              "name:sco": "Manila",
              "name:sd": "منيلا",
              "name:sh": "Manila",
              "name:si": "මැනිලා",
              "name:simple": "Manila",
              "name:sk": "Manila",
              "name:sl": "Manila",
              "name:sn": "Manila",
              "name:sq": "Manila",
              "name:sr": "Манила",
              "name:su": "Manila",
              "name:sv": "Manila",
              "name:sw": "Manila",
              "name:szl": "Manila",
              "name:ta": "மணிலா",
              "name:te": "మనీలా",
              "name:tg": "Манила",
              "name:th": "มะนิลา",
              "name:tl": "Maynila",
              "name:tr": "Manila",
              "name:tt": "Манила",
              "name:udm": "Манила",
              "name:ug": "مانىلا",
              "name:uk": "Маніла",
              "name:ur": "منیلا",
              "name:uz": "Manila",
              "name:vec": "Manila",
              "name:vep": "Manil",
              "name:vi": "Manila",
              "name:vo": "Maynila",
              "name:vro": "Manila",
              "name:war": "Manila",
              "name:wuu": "马尼拉",
              "name:xmf": "მანილა",
              "name:yi": "מאנילא",
              "name:yo": "Manila",
              "name:yue": "馬尼拉",
              "name:zh": "马尼拉;馬尼拉",
              "name:zh-Hans": "马尼拉",
              "name:zh-Hant": "馬尼拉",
              "official_name": "City of Manila",
              "official_name:cbk-zam": "Ciudad de Manila",
              "official_name:en": "City of Manila",
              "official_name:es": "Ciudad de Manila",
              "official_name:tl": "Lungsod ng Maynila",
              "old_ref": "133900000",
              "population": "1902590",
              "population:date": "2024-07-01",
              "ref": "1380600000",
              "type": "boundary",
              "website": "https://manila.gov.ph/",
              "wikidata": "Q1461",
              "wikimedia_commons": "Category:Manila",
              "wikipedia": "en:Manila"
            }
          }
        ]
      },
      "geometry": {
        "type": "Point",
        "coordinates": [
          120.9803621,
          14.5904492
        ]
      },
      "id": "node/198493613"
    },
    {
      "type": "Feature",
      "properties": {
        "@id": "node/198518477",
        "@relations": [
          {
            "role": "label",
            "rel": 146949,
            "reltags": {
              "admin_level": "6",
              "border_type": "highly_urbanized_city",
              "boundary": "administrative",
              "name": "Marikina",
              "name:en": "Marikina",
              "name:es": "Mariquina",
              "name:ja": "マリキナ",
              "name:ko": "마리키나",
              "name:ru": "Марикина",
              "name:tl": "Marikina",
              "name:zh": "馬利金納",
              "name:zh-Hant": "馬利金納",
              "official_name": "City of Marikina",
              "official_name:en": "City of Marikina",
              "official_name:tl": "Lungsod ng Marikina",
              "old_ref": "137402000",
              "population": "471323",
              "population:date": "2024-07-01",
              "ref": "1380700000",
              "type": "boundary",
              "website": "https://www.marikina.gov.ph/",
              "wikidata": "Q17175",
              "wikimedia_commons": "Category:Marikina",
              "wikipedia": "en:Marikina"
            }
          }
        ]
      },
      "geometry": {
        "type": "Point",
        "coordinates": [
          121.0993541,
          14.6331084
        ]
      },
      "id": "node/198518477"
    },
    {
      "type": "Feature",
      "properties": {
        "@id": "node/953773702",
        "@relations": [
          {
            "role": "label",
            "rel": 131703,
            "reltags": {
              "admin_level": "6",
              "boundary": "administrative",
              "name": "Pasig",
              "name:ja": "パシッグ",
              "name:ko": "파시그",
              "name:ru": "Пасиг",
              "name:uk": "Пасіґ",
              "place": "city",
              "population": "803159",
              "population:date": "2020-05-01",
              "ref": "137403000",
              "source:population": "Philippine Statistics Authority",
              "type": "boundary",
              "website": "https://www.pasigcity.gov.ph/",
              "wikidata": "Q1624",
              "wikipedia": "en:Pasig"
            }
          }
        ]
      },
      "geometry": {
        "type": "Point",
        "coordinates": [
          121.0764343,
          14.5605166
        ]
      },
      "id": "node/953773702"
    }
  ]
}